Rank,City,Country,2021,2020,2019,2018
1,Bhiwadi, India,106.2,95.5,83.4,125.4
2,Ghaziabad, India,102,106.6,110.2,135.2
3,Hotan, China,101.5,110.2,110.1,116
4,Delhi, India,96.4,84.1,98.6,113.5
5,Faisalabad, Pakistan,94.2,73.2,104.6,130.4
6,Noida, India,91.4,94.3,97.7,123.6
7,Faridabad, India,88.9,83.3,85,129.1
8,Rohtak, India,86.9,74.4,59.7,81.6
9,Lahore, Pakistan,86.5,79.2,89.5,114.9
10,Lucknow, India,86,86.2,90.3,115.7
11,Jind, India,84.1,81.6,85.4,91.6
12,Gurugram, India,83.4,75.3,93.1,135.8
13,Kashgar, China,83.2,81,87.1,95.7
14,Kanpur, India,83.2,89.1,48.5,88.2
15,Muzaffarpur, India,82.9,74.3,81.2,110.3
16,Patna, India,78.2,68.4,82.1,119.7
17,Dhaka, Bangladesh,78.1,77.1,83.3,97.1
18,Agra, India,73.4,80.2,57.2,104.8
19,Ludhiana, India,71.8,45.2,49.3,55.1
20,Jodhpur, India,67.8,67.1,77.2,113.4
21,Singrauli, India,67.3,70.8,59.1,86.8
22,Asansol, India,59.7,55.3,50.9,64.4
23,Kolkata, India,59,46.6,59.8,85.4
24,Jalandhar, India,58.3,52.2,41,56.4
25,Howrah, India,58,53.7,55.9,64.2
26,Kota, India,57,42.1,49.1,52.7
27,Jaipur, India,56.6,43.8,50.5,67.6
28,Pali, India,55.9,46.4,54.6,82.3
29,Shihezi, China,55.7,57.5,63.3,61.3
30,Linfen, China,55.5,52.5,61.7,68.2
31,Ahmedabad, India,55.1,49,59,76.1
32,Amritsar, India,55,47.1,47.2,60.6
33,Patiala, India,54,41.1,35.2,44.1
34,Puyang, China,52.8,59.3,63.4,63.5
35,Lampang, Thailand,52.2,31.6,33.1,23.3
36,Hebi, China,51.4,58.9,62.1,55.8
37,Aksu, China,51.2,58.4,54,74.1
38,Kathmandu, Nepal,50.9,39.2,48,54.4
39,Anyang, China,50.8,61.5,70.3,72.9
40,Xiangyang, China,50.6,52.5,60.4,60.5
41,Manama, Bahrain,49.8,39.7,46.8,59.8
42,Changji, China,49.8,53.5,48.2,55
43,Krasnoyarsk, Russia,49.8,14.7,17.7,23.1
44,Luohe, China,49.7,55.4,60,62.6
45,Khanna, India,49.7,42.6,36.1,41.6
46,Turpan, China,49.6,49.5,56.3,56.1
47,Zibo, China,49.2,53.9,57.7,55.9
48,Heze, China,48.5,54.2,59.7,60.1
49,Yuncheng, China,48.4,57.7,61.2,59.8
50,Panchkula, India,48.3,42.8,45.9,56.2
51,Jining, China,48.1,53.4,56.6,50.1
52,Pithampur, India,48.1,40.1,39.5,46.2
53,Kaifeng, China,47.8,55.5,61,64.6
54,Xuzhou, China,47.8,49.7,57.4,65.5
55,Liaocheng, China,47.6,53.9,58.8,60.3
56,Chandrapur, India,47.5,32.2,35.1,41.4
57,Xinxiang, China,47.3,51.5,55.7,61.4
58,Jiaozuo, China,47.1,56.2,61.3,66.9
59,Nanyang, China,47.1,51.4,60,60.6
60,Pingdingshan, China,47.1,51.2,60.1,65.1
61,Pai, Thailand,47.1,53,38.9,29.4
62,Wuhan, China,46.7,36.5,44.4,46.9
63,Gaya, India,46.6,46.3,59.4,96.6
64,Shijiazhuang, China,46.5,57.6,64,76.7
65,Mumbai, India,46.4,41.3,45.3,58.6
66,Taiyuan, China,46.3,52.1,53.4,55.9
67,Yangquan, China,45.9,46.3,50.6,59
68,Karachi, Pakistan,45.9,43.8,40.2,33.7
69,Shangqiu, China,45.8,52.7,72.6,61.9
70,Xianyang, China,45.7,50.5,63.7,67.8
71,Handan, China,45.6,58.9,64.3,74
72,Jingmen, China,45.6,45.3,56.4,56.2
73,Baoding, China,45.4,52.2,57.7,70.7
74,Urumqi, China,45.4,51.2,54.5,59.2
75,Weinan, China,45.3,52.5,55.6,58.2
76,Xuchang, China,45.1,53.6,60.6,64.2
77,Luoyang, China,44.9,50.7,62.4,59.9
78,Xinzhou, China,44.9,44.4,41.7,51.4
79,Zhoukou, China,44.8,50.3,56.6,58.9
80,Zaozhuang, China,44.8,54.8,59.6,57.6
81,Fuyang, China,44.7,50.4,51.9,54.4
82,Linyi, China,44.7,48.4,57.7,50.2
83,Ujjain, India,44.6,44.6,43.4,54
84,Zigong, China,44.4,45.1,47.5,56.8
85,Visakhapatnam, India,44.3,40.3,44,52.8
86,Dezhou, China,44.1,50.1,53.4,54.8
87,Taian, China,44.1,51.2,57.6,51.7
88,Xingtai, China,44,55.9,63.5,76.7
89,Shouguang, China,43.9,49.7,57.2,52.6
90,Kizilsu, China,43.9,52,48.6,60
91,Ajmer, India,43.7,39.8,48.1,54
92,Zhengzhou, China,43.4,50.9,58.4,64.1
93,Yibin, China,43.3,38.8,45.9,49.3
94,Tangshan, China,43.2,46.8,52.6,63.5
95,Changsha, China,43,41,46.8,45.8
96,Talcher, India,43,42.6,38.4,58
97,Zhumadian, China,42.9,45.9,52.1,60.4
98,Alwar, India,42.9,41.1,46.4,52.8
99,Tashkent, Uzbekistan,42.8,29.9,41.2,34.3
100,Sanmenxia, China,42.7,47.5,56.1,57.5
101,Hengshui, China,42.6,52.4,56,65.7
102,Binzhou, China,42.6,49,53.6,55.8
103,Zhangqiu, China,42.4,49.1,50.1,49.2
104,Siliguri, India,42.4,58.2,39.6,44.5
105,Xiangtan, China,42.3,38.2,46.8,46.6
106,Huaibei, China,42.2,49.8,55.1,58.2
107,Huainan, China,42.2,47.4,52.5,54.8
108,Pune, India,42.2,39.7,35.7,46.3
109,Cangzhou, China,42.1,52,53,65.2
110,Korla, China,42.1,44.7,47.1,46.3
111,Suzhou, China,42,47,52.6,57.6
112,Jinan, China,42,49,54.4,52.9
113,Wujiaqu, China,41.7,40.6,53.9,67.8
114,Jinzhou, China,41.6,46.9,45.3,44.4
115,Esfahan, Iran,41.6,33.4,32.5,27.6
116,Xian, China,41.1,49.3,56.6,59.9
117,Islamabad, Pakistan,41.1,39,35.2,38.6
118,Nashik, India,40.7,32.8,39.3,39.8
119,Chengdu, China,40.3,40.5,42.4,48.8
120,Wuwei, China,40.2,37.6,33.1,42.2
121,Weifang, China,40.2,49.9,56.2,52.6
122,Langfang, China,40.1,43.3,47.1,55.8
123,Yichang, China,40,40.8,52.5,52.1
124,Changde, China,40,40.7,47.5,42.3
125,Tianjin, China,39.9,48.9,51.3,52.3
126,Fushun, China,39.7,43.3,43,41.2
127,Bozhou, China,39.5,48.3,54,57.5
128,Hyderabad, India,39.4,34.7,39,44.2
129,Bengbu, China,39.3,44.5,51.3,52.8
130,Suqian, China,39.2,45.9,47.9,53.1
131,Changzhi, China,39.2,45.5,47.5,53.2
132,Jakarta, Indonesia,39.2,39.6,49.4,45.3
133,Xinyang, China,39.1,40.7,47.8,53.8
134,Jinzhong, China,39.1,43,45.5,53.5
135,Zhuzhou, China,39,36.7,46.3,42.3
136,Dewas, India,38.9,39.2,38.5,48.2
137,Leshan, China,38.6,35.8,42,45.7
138,Dongying, China,38.4,45.7,48.6,47.4
139,Luzhou, China,38.3,37.3,40.8,37
140,Baoji, China,38,43.8,49.8,49.9
141,Huaian, China,37.7,41.1,43.8,49.8
142,Zhenjiang, China,37.7,37.7,45,53.2
143,Laixi, China,37.7,41.5,47.8,39.8
144,Deyang, China,37.7,37.1,39.9,41.1
145,Kabul, Afghanistan,37.5,46.5,58.8,61.8
146,Ezhou, China,37.4,37.8,42.5,44.9
147,Pingdu, China,37.4,39.5,46.3,37.6
148,Dazhou, China,37.4,37.6,45.3,44.7
149,Jiujiang, China,37.3,41.8,53.4,46.5
150,Padre las Casas, Chile,37.2,28.6,32.5,43.3
151,Isfahan, Iran,37.2,31.4,26.4,23.8
152,Lanzhou, China,37.1,33,35.7,45.9
153,Zhongwei, China,37.1,33.3,31.5,36.9
154,Nanchong, China,37.1,36.6,42.3,45.3
155,Lukavac, Bosnia Herzegovina,37,37.7,39.9,55.6
156,Shenyang, China,37,40.8,41.6,39.3
157,Suizhou, China,36.9,37,41.9,44
158,Shaoyang, China,36.9,37.3,42.1,44
159,Dubai, United Arab Emirates,36.9,32.6,40.9,55.3
160,Huludao, China,36.8,41.7,45.5,41
161,Liaoyang, China,36.6,40.5,40.3,37.6
162,Ceglie Messapica, Italy,36.6,31.7,30.7,16.2
163,Wuzhong, China,36.5,33.9,31.1,37.9
164,Anshan, China,36.2,40.7,39.2,34.9
165,Hanoi, Vietnam,36.2,37.9,46.9,40.8
166,Coyhaique, Chile,36.1,33.3,41.5,34.2
167,Qinhuangdao, China,36,37.4,43.6,43.9
168,Changzhou, China,36,38.7,44.7,50.3
169,Hengyang, China,35.9,35.3,42.1,41.3
170,Neijiang, China,35.9,34.1,35.2,36.8
171,Mianyang, China,35.8,34.2,37.8,45.3
172,Yueyang, China,35.7,36.6,42.6,43.4
173,Shizuishan, China,35.7,36.1,34.5,40.4
174,Jincheng, China,35.7,46.2,54.1,59.8
175,Ili, China,35.7,43.6,41.5,47.1
176,Baotou, China,35.1,41.4,36.1,36.8
177,Karaj, Iran,35.1,26.8,23,22.2
178,Jingzhou, China,35,36.1,45.3,47.7
179,Yingkou, China,35,40.2,41.2,38.4
180,Shuozhou, China,35,38.6,38.8,41.8
181,Laizhou, China,34.9,39.1,40.2,32.4
182,Loudi, China,34.8,32.1,38.2,30.6
183,Jimo, China,34.8,38.6,44,32.8
184,Maanshan, China,34.6,35.8,42.3,43.8
185,Jurong, China,34.6,37.3,43.8,50.7
186,Beijing, China,34.4,37.5,42.1,50.9
187,Yiyang, China,34.4,40,49.8,33.3
188,Jiaozhou, China,34.3,38.5,49.2,41.9
189,Yangzhou, China,34.2,35.6,43,48.2
190,Tongling, China,34.1,34.9,47.3,47.1
191,Wuhu, China,34,35.9,44.4,48.8
192,Xingbin Qu, China,34,30.4,35.2,39.5
193,Taizhou, China,34,36.7,45,47.9
194,Tongchuan, China,34,38.6,44.6,46.3
195,Xiaogan, China,33.9,35.9,43.9,43.9
196,Jiangyin, China,33.9,36.8,41.8,48.8
197,Chuzhou, China,33.8,39.3,48.4,49.7
198,Tieling, China,33.8,38.4,40,38.2
199,Andimeshk, Iran,33.8,34.4,32.1,39.2
200,Ulaanbaatar, Mongolia,33.8,46.6,62,58.5
201,Abu Dhabi, United Arab Emirates,33.8,23.9,38.4,48.8
202,Harbin, China,33.7,43.6,39.1,36.4
203,Coronel, Chile,33.3,20.7,11.8,19
204,Tuzla, Bosnia Herzegovina,33.2,32.1,35.3,43.1
205,Panjin, China,33.1,34,38.7,36.1
206,Huanggang, China,33,35.8,41,40.8
207,Huangshi, China,33,35,40.6,41.7
208,Meishan, China,33,31.4,35.2,36.2
209,Yongzhou, China,32.9,32.9,38.4,46.1
210,Liyang, China,32.8,35.6,41.2,43
211,Temuco, Chile,32.7,20.6,20.2,30.4
212,Anqing, China,32.7,34.9,45.5,45.4
213,Suihua, China,32.7,39.1,37.1,35.4
214,Rizhao, China,32.7,37.5,46.2,41.6
215,Hefei, China,32.6,36,43.8,47.2
216,Luan, China,32.6,37,41.9,44.9
217,Liaoyuan, China,32.6,38.9,37.6,35.6
218,Lvliang, China,32.6,36,40.1,50.7
219,Fuxin, China,32.5,35.1,36.3,36.2
220,Lianyungang, China,32.2,36.1,42.1,43.4
221,Xining, China,32.2,33,33.3,41.7
222,Pingxiang, China,32.1,30.6,36.9,40.7
223,Baiyin, China,31.8,28.7,31.1,37.7
224,Chaoyang, China,31.8,35.6,36,38.2
225,Zhangye, China,31.7,34.3,31.8,36.9
226,Tehran, Iran,31.7,29,25.9,26.1
227,Lima, Peru,31.5,18,23.7,28
228,Liuzhou, China,31.3,28.9,34.4,39.4
229,Changchun, China,31.2,40.4,36.7,32.2
230,Jiujiang, China,31.1,36.6,43.9,40.2
231,Yulin, China,31.1,32.7,33,35.2
232,Chongqing, China,31,31.7,37.1,37.3
233,Jiuquan, China,31,30.1,27.6,33.3
234,Jinchang, China,31,21.2,20.8,25.2
235,Mashhad, Iran,31,25.6,25.1,30.6
236,Hohhot, China,30.8,39.4,36.4,35.3
237,Xinyu, China,30.8,29.9,35.1,37.7
238,Linxia, China,30.7,29,30.8,45.8
239,Nanchang, China,30.7,32.5,34.9,28.4
240,Chizhou, China,30.6,33.6,42.4,43.7
241,Nantong, China,30.6,33.5,37.7,40.5
242,Datong, China,30.6,31.2,32.3,36.6
243,Zhangjiagang, China,30.5,34.5,40,39.2
244,Panzhihua, China,30.5,28.8,29.1,33.1
245,Chongzuo, China,30.4,25.6,29.1,30.8
246,Wuhai, China,30.4,33.7,31.3,40.5
247,Yichun, China,30.4,30.8,35.7,38.7
248,Xuancheng, China,30.2,32.7,41.7,43.2
249,Changzhou Qu, China,30.1,30.5,33.4,40.9
250,Suining, China,30,28.4,31,35.3
251,Guigang, China,29.9,28.5,33.9,38.7
252,Yinchuan, China,29.9,34.5,31,39.3
253,Wuxi, China,29.8,34,39.9,42.8
254,Sarajevo, Bosnia Herzegovina,29.7,42.5,34.1,38.4
255,Qingdao, China,29.7,31.8,39.4,34.3
256,Kuwait City, Kuwait,29.7,34,38.3,56
257,Amaravati, India,29.5,28.9,33,35.6
258,Baise, China,29.4,27.4,29.3,35.7
259,Chengde, China,29.4,28.6,30,39.6
260,Jiaonan, China,29.4,34.1,39.5,33.6
261,Jiayuguan, China,29.3,29.5,26.5,28.1
262,Yulin, China,29.3,27.6,32.6,35.6
263,Jilin, China,29.2,35.9,34.4,32.4
264,Lincang, China,29.1,25.8,31.4,27.4
265,Nanjing, China,29,31.1,40.5,43
266,Bengaluru, India,29,27.5,32.6,34.5
267,Yancheng, China,28.9,32.5,40.5,43.2
268,Yixing, China,28.8,31.3,38.4,42.7
269,Benxi, China,28.8,33.8,35.1,31.6
270,Tirupati, India,28.8,24.4,26.4,31.3
271,Yanan, China,28.7,29.5,31.3,35
272,Guilin, China,28.6,28.3,32.9,36.4
273,Suzhou, China,28.6,32.3,37.7,40.3
274,Mudanjiang, China,28.4,29.6,31.7,28.6
275,Kunshan, China,28.4,31.4,34.5,36.1
276,Shiyan, China,28.3,30.5,36.5,40.2
277,Ya'an, China,28.3,26.6,32.3,40.7
278,Alxa League, China,28.2,24.9,25.9,35.4
279,Changshu, China,28.2,32.4,37.6,42.6
280,Ziyang, China,28.2,29.5,33.5,38.3
281,Kumul, China,28.2,29.3,29.8,28.5
282,Amasya, Turkey,28.2,31.7,35.9,34
283,Nanning, China,28.1,26,30.2,32.4
284,Hanzhong, China,28.1,28.7,39.2,45.1
285,Cheonan, South Korea,28.1,23.9,29.4,25.4
286,Haidongdiqu, China,28,30.8,38,41.4
287,Yantai, China,28,31.8,37.5,29.3
288,Dandong, China,27.9,28.7,32,29.1
289,Dalian, China,27.7,30.2,34.3,29.3
290,Shanghai, China,27.7,31.5,35.4,36
291,Shaoxing, China,27.7,28.5,38.1,40.5
292,Jieyang, China,27.6,27.8,30.6,34.1
293,Siping, China,27.6,32.5,35.7,38.8
294,Kampala, Uganda,27.6,26.1,29.1,40.8
295,Huaihua, China,27.4,27.8,35.4,33.1
296,Hangzhou, China,27.4,29,37.4,38.1
297,Asan, South Korea,27.4,25.1,31,26
298,Three Rivers, USA,27.4,23.1,9,20.8
299,Chenzhou, China,27.3,27.9,30.2,28.9
300,Bazhong, China,27.3,26.8,30.3,30.8
301,Jiamusi, China,27.2,27.1,27.1,28.4
302,Bayan Nur, China,27.1,34.2,32.2,33.5
303,Ordos, China,27.1,24.5,23.4,25.7
304,Honghe, China,27,25.7,26.2,25
305,Qingyang, China,26.8,29.1,31,33.1
306,Xianning, China,26.8,29.1,35.1,36.7
307,Corum, Turkey,26.7,36,23.8,24.8
308,Jiaxing, China,26.5,27.7,35,38.1
309,Hezhou, China,26.4,27.6,30.7,36.9
310,Shangrao, China,26.4,27.6,31.4,33.9
311,Linan, China,26.4,29.2,36.1,35.9
312,Szeged, Hungary,26.4,16.2,15.7,17.3
313,Jixi, China,26.3,23.4,27.1,29.2
314,Taicang, China,26.2,27.2,30.9,36.9
315,Haimen, China,26.1,28.8,33.2,32.7
316,Mobarakeh, Iran,26.1,22.5,21.3,24.1
317,Mae Sot, Thailand,26,26.9,27.6,32.2
318,Bursa, Turkey,26,25,26.3,28.4
319,Yiwu, China,25.9,27,34,33.7
320,Santiago, Chile,25.8,23.6,27.7,29.4
321,Dingxi, China,25.8,25.7,27.4,40.3
322,Enshi, China,25.8,27.5,31.3,36.1
323,Baishan, China,25.8,27.7,29.8,31.5
324,Dehong, China,25.7,19.1,23.2,33.7
325,Jinhua, China,25.6,27.9,32.4,33.3
326,Wuzhou, China,25.5,25.2,28.7,34.5
327,Jian, China,25.5,28.3,34.4,39.1
328,Meybod, Iran,25.5,19.2,22,21.1
329,Rancagua, Chile,25.4,23.8,26.9,22.9
330,Nujiang, China,25.4,22.5,24.9,24.4
331,Seosan, South Korea,25.4,18.9,21.5,18.7
332,Shuangyashan, China,25.3,25.8,28.5,26.6
333,Weihai, China,25.3,26,31.4,26.6
334,Huzhou, China,25.3,26.2,32.2,35.1
335,Guyuan, China,25.2,24.9,25.7,33.4
336,Chennai, India,25.2,26.5,34.6,43.2
337,Hechi, China,25,24.2,26.3,28.9
338,Huangnan, China,25,23.6,22.6,29.2
339,Si Maha Phot, Thailand,25,23.5,24.8,30.9
340,Daqing, China,24.9,26.6,27.2,26.5
341,Shangluo, China,24.9,28.2,32.3,36.3
342,Chiang Mai, Thailand,24.9,30.5,32.3,24.5
343,Shaoguan, China,24.8,24,28.3,34.5
344,Qitaihe, China,24.8,25.6,30.5,29.4
345,Yingtan, China,24.8,31.5,35.9,34
346,Krakow, Poland,24.7,21.7,24.6,28.9
347,Beihai, China,24.5,23.1,26.9,27.6
348,Guangzhou, China,24.4,22.6,28.9,33.2
349,Zhangjiajie, China,24.4,22.6,28.7,29.6
350,Baoshan, China,24.3,19,20.5,21.7
351,Bijie, China,24.1,24,26.4,32
352,Liupanshui, China,24.1,21.1,23.4,32.3
353,Baicheng, China,24,24.2,26.5,28.3
354,Tonghua, China,24,27.3,29.4,28.4
355,Wenshan, China,24,23.8,26.2,25.6
356,Fangchenggang, China,23.9,22.1,26.9,28.6
357,Addis Ababa, Ethiopia,23.9,14.7,20.1,27.1
358,Kalisz, Poland,23.9,18.8,19.4,23.3
359,Mielec, Poland,23.9,18.8,21.1,25.1
360,Guiyang, China,23.8,22.8,26.5,30.3
361,Fuzhou, China,23.8,26.9,32.8,35.8
362,Zhushan Qu, China,23.8,27.1,28.2,30.1
363,Chaozhou, China,23.7,24.3,28.5,28.3
364,Zhuji, China,23.7,28.9,37.2,35.4
365,Holon, Israel,23.7,15.9,22.1,21.4
366,Jelsava, Slovakia,23.7,19,21.4,24.3
367,Foshan, China,23.6,22.2,29.4,33.1
368,Anshun, China,23.6,21.6,22.5,26
369,Ankang, China,23.6,25.6,34,36.3
370,Zhangzhou, China,23.5,21.6,30.3,30
371,Tongliao, China,23.5,28.8,32.3,31.9
372,Rushan, China,23.5,23.3,25.5,22.8
373,Tongren, China,23.4,25.5,31,22.3
374,Guangyuan, China,23.4,24.8,27.3,26.1
375,Miskolc, Hungary,23.4,21,21.9,24.4
376,Belgrade, Serbia,23.4,24.3,23.3,23.9
377,Kunming, China,23.3,22.4,25.1,27.2
378,Samut Sakhon, Thailand,23.3,23,24.1,39.8
379,Zhangjiakou, China,23.2,24.3,26.1,36.3
380,Xishuangbanna, China,23.2,30,31.6,24.8
381,Modena, Italy,23.2,24.3,23.4,25.2
382,Lublin, Poland,23.1,18.5,20.5,21
383,Qingyuan, China,23,26.4,29.9,32.6
384,Slavonski Brod, Croatia,23,21.4,22.1,26
385,Osan, South Korea,23,22.8,28.2,27.8
386,Zhanjiang, China,22.9,21.2,25.4,25.4
387,Karamay, China,22.9,25.2,23.4,25.2
388,Milano, Italy,22.9,28.4,23.3,22.1
389,Bortala, China,22.8,22.3,22.7,27.9
390,Dolni Lutyne, Czech Republic,22.8,20.9,27.7,35.8
391,Pyeongtaek, South Korea,22.8,21.7,29.4,29.5
392,Chillan, Chile,22.7,16,20.4,21.5
393,Jingdezhen, China,22.7,24.3,26.7,28.8
394,Dongguan, China,22.6,23.7,31.5,34.9
395,Xiangxi, China,22.6,23.4,28.8,32.6
396,Qiandongnan, China,22.5,23.8,25.8,27.6
397,Zunyi, China,22.5,17.8,20.4,26.8
398,Songyuan, China,22.5,26.1,29.7,27.9
399,Wenzhou, China,22.5,24.8,27.8,29.5
400,Katowice, Poland,22.5,21.4,26,30.4
401,Yunfu, China,22.4,20.9,28,31.2
402,Puer, China,22.4,22.1,23.7,18.3
403,Gimpo, South Korea,22.4,20.9,26.6,24
404,Zhaoqing, China,22.3,23.2,31.4,36.5
405,Zhaotong, China,22.3,20.2,19,20.8
406,Jiangmen, China,22.2,21.3,27,30.2
407,Ganzhou, China,22.2,25.2,28.4,37.7
408,Qujing, China,22.2,20.2,21,28
409,Quzhou, China,22.2,25,31.8,32.4
410,Siheung, South Korea,22.2,20,30.6,28.7
411,Portola, USA,22.1,21.3,16.9,20.4
412,Wendeng, China,22,21.5,23.8,23.5
413,Bucheon, South Korea,21.9,20.9,30.8,27.3
414,Hwaseong, South Korea,21.8,22.5,29.1,26.7
415,Mexico City, Mexico,21.7,18.8,20.5,19.7
416,Chon Buri, Thailand,21.7,19.9,19.5,27.3
417,Maoming, China,21.6,20.7,25,25.7
418,Yangjiang, China,21.6,21.3,28.6,30.6
419,Kaohsiung, Taiwan,21.6,19.8,22.7,24.4
420,Ratchaburi, Thailand,21.6,22.8,29.5,32.2
421,Klamath Falls, USA,21.6,16.5,9.1,18.9
422,San Fernando, Chile,21.5,17.7,21,15.3
423,Hinggan, China,21.4,23.3,24.1,19.6
424,Thiruvananthapuram, India,21.4,25.6,27.9,28
425,Tarnow, Poland,21.4,20.3,22.5,23.3
426,Hegang, China,21.3,22,21.5,23.2
427,Huangshan, China,21.1,21,24,23.4
428,Kerman, Iran,21.1,19.8,19.9,24.4
429,Pomigliano d'Arco, Italy,21.1,22.2,18.4,15.5
430,Samut Prakan, Thailand,21.1,20.9,22.9,32.2
431,Quincy, USA,21.1,25.4,8.2,11.4
432,Ningbo, China,21,22.7,28.4,31.4
433,Yuxi, China,20.9,19.5,23.1,21.8
434,Taizhou, China,20.9,24.4,26.5,28.1
435,Visalia, USA,20.9,23.5,12.8,17.6
436,Tianshui, China,20.8,22.7,27,37.3
437,Heyuan, China,20.8,21.7,24.5,29.2
438,Qianxinan, China,20.8,18.7,20.2,14.9
439,Liangshan, China,20.8,21.4,19.7,20.7
440,Chuxiong, China,20.8,17.8,20.9,24.3
441,Tel Aviv-Yafo, Israel,20.7,17.2,21.8,19.5
442,Zgierz, Poland,20.7,24.5,27,21.9
443,Goyang, South Korea,20.7,20.2,24.9,25.2
444,Maule, Chile,20.6,16,20.3,16.1
445,Quanzhou, China,20.6,20,24.5,25.1
446,Sanming, China,20.6,21.6,23.6,24.7
447,Ulanqab, China,20.6,20.3,24.6,25.5
448,Tabriz, Iran,20.6,17.6,13.2,12.2
449,Martin, Slovakia,20.6,15.7,16.1,18
450,Yongin, South Korea,20.5,21.4,25.2,24.8
451,Putian, China,20.4,20.7,23.9,25.6
452,Hainan, China,20.3,20.3,20.4,24.3
453,Nakhon Ratchasima, Thailand,20.3,21.6,42.2,37.6
454,Ramat Gan, Israel,20.2,18.8,22.6,19.3
455,Lodz, Poland,20.2,18.1,19.9,23.8
456,Zyrardow, Poland,20.2,16.7,17.8,26.6
457,Chiayi city, Taiwan,20.2,17.9,21.5,23.7
458,Talcahuano, Chile,20.1,19,21.4,15.7
459,Zhongshan, China,20.1,19.4,26.4,28.4
460,Monterrey, Mexico,20.1,14.5,19.3,17.2
461,Cluj-Napoca, Romania,20.1,13.1,15.7,21.4
462,Cheongju, South Korea,20.1,22.1,28.3,28.8
463,Tainan, Taiwan,20.1,18.4,22.6,23.9
464,Huizhou, China,20,20.2,25.1,27
465,Qiqihar, China,20,26.9,27.2,26.2
466,Haibei, China,20,18.9,19.4,25.1
467,Bangkok, Thailand,20,20.6,22.8,25.2
468,Xiamen, China,19.9,17.9,23.8,23.5
469,Wroclaw, Poland,19.9,17.1,18.7,22.9
470,Phnom Penh, Cambodia,19.8,21.1,21.1,20.1
471,Yanbian, China,19.8,19.7,24.5,25.7
472,Ubud, Indonesia,19.8,22.2,27.9,23.7
473,Ansan, South Korea,19.8,19.9,24,24.2
474,Fuzhou, China,19.7,19.7,23.2,23.6
475,Anyang, South Korea,19.7,21.9,25.4,27.1
476,Seoul, South Korea,19.7,20.9,24.8,23.3
477,Ningde, China,19.6,21.5,23.6,24.4
478,Pingliang, China,19.6,21.8,24.8,36.9
479,Havirov, Czech Republic,19.6,18,20.3,28.8
480,Ostrava, Czech Republic,19.6,16.8,20.9,30.1
481,Salamanca, Mexico,19.6,18,20.9,20.9
482,Otwock, Poland,19.6,22.4,18.2,30.2
483,Radom, Poland,19.6,19.5,18.7,27.1
484,Gunsan, South Korea,19.6,20.3,27,25.6
485,Nanping, China,19.5,18.5,20,22
486,Tesin, Czech Republic,19.5,17.9,20,29.6
487,Suwon, South Korea,19.5,21,25.5,23.6
488,Yeongju, South Korea,19.5,20.7,26.9,28.1
489,Konstancin-Jeziorna, Poland,19.4,15.8,15.9,21.8
490,Gyeongsan, South Korea,19.4,21,25,25.4
491,Kanchanaburi, Thailand,19.4,26.3,25.2,24.9
492,Ho Chi Minh City, Vietnam,19.4,22,25.3,26.9
493,Longyan, China,19.3,18.9,22.9,25.3
494,Meizhou, China,19.3,21.3,24.3,27.6
495,Rishon LeTsiyon, Israel,19.3,17.3,22.9,19.9
496,Celaya, Mexico,19.3,18.6,20,20.1
497,Jelenia Gora, Poland,19.3,19.6,20.1,21.3
498,Krompachy, Slovakia,19.3,16.4,18.1,18.9
499,Zilina, Slovakia,19.3,17.2,18.6,21.8
500,Sejong, South Korea,19.3,21.6,26.5,21.9
501,Nantou, Taiwan,19.3,17.9,20.3,22.9
502,Shantou, China,19.2,18.4,22.4,24.7
503,Brescia, Italy,19.2,16.5,18.9,20.8
504,Poznan, Poland,19.2,15.6,20.4,22
505,Torun, Poland,19.2,14.5,19.1,19.4
506,Kosice, Slovakia,19.2,17,19.4,17.6
507,Guri, South Korea,19.2,19.8,26.6,24.3
508,Ra'anana, Israel,19.1,17.7,21.3,18.8
509,Acre, Israel,19.1,18.4,19.6,17.2
510,Curico, Chile,19,19,25.8,16.8
511,Zhuhai, China,19,18.3,24,26.1
512,Ein Tamar, Israel,19,14.1,15.2,28.4
513,Qorveh, Iran,18.9,21.4,13.7,7.8
514,Legionowo, Poland,18.9,20.6,18.8,22.5
515,Gwacheon, South Korea,18.9,21.5,26.1,23.2
516,Seongnam, South Korea,18.8,19.8,23.8,23.8
517,Kyiv, Ukraine,18.8,19.2,16.6,13.8
518,Presov, Slovakia,18.6,16.1,18.3,20.2
519,Carson City, USA,18.6,9.6,4.9,7.4
520,Chifeng, China,18.5,19.8,21.7,28.4
521,Rongcheng, China,18.5,20.9,26.1,23.3
522,Yunlin, Taiwan,18.5,17,20.5,23.9
523,Sde Yoav, Israel,18.3,16,19.4,16.6
524,Ruzomberok, Slovakia,18.3,19.6,18.5,20.7
525,Porterville, USA,18.3,17.6,11,16.8
526,Shanwei, China,18.2,17.5,21.3,22.2
527,Yichun, China,18.2,18,18.6,19.7
528,Trinec, Czech Republic,18.2,15.1,18.2,26.5
529,Warsaw, Poland,18.2,16.7,17.3,24.2
530,Changhua, Taiwan,18.2,15.8,19.3,21.8
531,Qiannan, China,18.1,17.6,19.2,22.5
532,Lishui, China,18.1,21.1,24.4,26.8
533,Arad, Israel,18.1,16.5,19.1,19.9
534,Pingtung, Taiwan,18.1,17.5,19.9,21.5
535,Piastow, Poland,18,17.8,19.2,19.5
536,Osorno, Chile,17.9,19.2,32.8,38.2
537,Linares, Chile,17.9,18.7,27.6,25.5
538,Shenzhen, China,17.9,19,23.4,24.2
539,Jerusalem, Israel,17.9,17.2,20.9,18.9
540,Irapuato, Mexico,17.9,18.2,19.2,19.7
541,Handlova, Slovakia,17.9,16.2,13.8,16.7
542,Frydek-Mistek, Czech Republic,17.8,16.2,17.6,26.9
543,Nir Yisrael, Israel,17.8,16.1,18.8,17.5
544,Ponik, Poland,17.8,15.2,12.8,17.7
545,Namyangju, South Korea,17.8,20.1,24.8,23.9
546,Concepcion, Chile,17.7,13,14.9,19.6
547,Haixi, China,17.7,14.6,15.5,22.4
548,Olomouc, Czech Republic,17.7,15.8,16.1,19
549,Gumi, South Korea,17.7,18.5,20.3,25.2
550,Sofia, Bulgaria,17.6,27.5,26.8,28.2
551,Pardes Hanna-Karkur, Israel,17.6,21.5,20.6,26.8
552,Bergamo, Italy,17.6,17.8,18.5,18
553,Colombo, Sri Lanka,17.6,22.4,25.2,32
554,Istanbul, Turkey,17.6,16.7,19.9,21.7
555,Be'er Sheva, Israel,17.5,16.1,19.2,16.1
556,Sderot, Israel,17.5,17.5,20.1,19.6
557,Strazske, Slovakia,17.5,15.8,18.7,19.5
558,Valasske Mezirici, Czech Republic,17.4,15,17.2,24.8
559,Saint-Denis, France,17.4,15.9,16.3,17.6
560,Ein Ya'akov, Israel,17.4,17.7,20.1,20.1
561,Ashkelon, Israel,17.4,15.6,18.8,20.8
562,Wonju, South Korea,17.4,18.4,27.7,29.6
563,Rayong, Thailand,17.4,17.1,17.5,21.2
564,Los Angeles, Chile,17.3,17,21.7,21.6
565,Brasov, Romania,17.3,18.3,18,21.3
566,Talca, Chile,17.2,14.6,17.6,13.7
567,Studenka, Czech Republic,17.2,16.2,18,25.4
568,Kiryat Ata, Israel,17.2,15.5,19.7,21.1
569,Ankara, Turkey,17.2,18.5,18.4,19.6
570,Dali, China,17.1,15.6,16.8,16
571,Decin, Czech Republic,17.1,16.4,17.8,23.1
572,Taichung, Taiwan,17.1,15.5,18,19.2
573,Moravska Trebova, Czech Republic,17,16.2,18.9,23
574,Macao, Macao SAR,17,17.8,23.5,21.2
575,Gimcheon, South Korea,16.9,17.8,25.3,24.8
576,Fresno, USA,16.9,22.2,12,14
577,Osasco, Brazil,16.8,16.7,19.8,22.1
578,Rengo, Chile,16.8,18.8,24.1,18.9
579,Bakersfield, USA,16.8,20.7,11.3,15.9
580,Plock, Poland,16.7,16.8,18.4,20.4
581,Puerto Montt, Chile,16.6,18.9,26.4,22.6
582,Citta di Castello, Italy,16.6,21.8,17,15.4
583,Leon, Mexico,16.6,19,20.9,20.8
584,Vranov nad Toplou, Slovakia,16.6,14.4,16.2,18.7
585,Afula, Israel,16.5,15.9,18.5,18.5
586,Ashdod, Israel,16.5,15.8,20.6,19.6
587,Gdansk, Poland,16.5,15,14.2,10.1
588,Banska Bystrica, Slovakia,16.5,15.8,15.3,17.6
589,Medford, USA,16.4,15.8,8.7,22
590,Ruse, Bulgaria,16.3,19.4,22,24.8
591,Denpasar, Indonesia,16.3,18.4,22,19.4
592,Haifa, Israel,16.3,16.2,18,16.7
593,Prerov, Czech Republic,16.2,15.5,17.9,22.9
594,Anderson, USA,16.2,15.9,10.6,27.8
595,Guarulhos, Brazil,16.1,16.4,18.7,21.6
596,Bialystok, Poland,16.1,13.8,13.7,16.3
597,Kiryat Tiv'on, Israel,16,15.1,18.4,18
598,Kiryat Malakhi, Israel,16,15.9,19.8,18.9
599,Hnusta, Slovakia,16,14,16.2,18.9
600,Edirne, Turkey,16,17.2,18.6,15
601,Chiguayante, Chile,15.9,14.9,19.8,17
602,Gannan, China,15.9,19.5,22.5,30.3
603,Paralimni, Cyprus,15.9,14.3,15.9,18.4
604,Hong Kong, Hong Kong SAR,15.9,15.4,20.3,20.2
605,Avellino, Italy,15.9,21,14.2,15.1
606,Mexicali, Mexico,15.9,19.7,17.7,30.2
607,Prievidza, Slovakia,15.9,15.9,15.5,18.2
608,Pohang, South Korea,15.9,15.7,18.5,23.6
609,Oakridge, USA,15.9,13.3,9.7,10.5
610,Opava, Czech Republic,15.8,14.9,16.9,24.5
611,Trnava, Slovakia,15.8,16.3,16.7,20.5
612,Nagqu, China,15.7,15.6,18.4,32.9
613,Longnan, China,15.6,15.9,18.6,29.6
614,Sao Caetano do Sul, Brazil,15.5,15,17.2,18.1
615,Hulunbeir, China,15.5,17.2,17.4,16.7
616,Desinic Gora, Croatia,15.5,13.3,13.3,14.6
617,Seeley Lake, USA,15.5,14.2,11.8,12
618,Puchuncavi, Chile,15.4,14,15.9,14.8
619,Brno, Czech Republic,15.4,13.5,15.7,20.4
620,Jinju, South Korea,15.4,16.7,18.1,18.5
621,Gwangyang, South Korea,15.4,15.7,18.5,20
622,Diqingzhou, China,15.3,13.5,12,11.4
623,Beroun, Czech Republic,15.3,14,15.6,22.5
624,Oostrozebeke, Belgium,15.2,13.9,15.1,17.2
625,Sao Bernardo do Campo, Brazil,15.2,15.9,16.7,16.4
626,Ashland, USA,15.2,12.4,6.4,14.8
627,Zvolen-Motova, Slovakia,15.1,12.5,15.2,15.9
628,Nitra, Slovakia,15.1,14.1,15.1,17.6
629,Trencin, Slovakia,15.1,15.6,17.9,19.8
630,Gimhae, South Korea,15.1,16.9,20.8,20.2
631,Libby, USA,15.1,14.7,12.2,14.9
632,Winthrop, USA,15.1,7.5,5.3,11.2
633,Wielsbeke, Belgium,15,13.9,14.8,16.5
634,Aba, China,15,14.3,14.7,11.3
635,Glendora, USA,15,14.8,11.8,12.9
636,Szazhalombatta, Hungary,14.9,14.9,12.5,13.3
637,Bucharest, Romania,14.9,15.5,18.4,20.3
638,Malacky, Slovakia,14.9,16.8,16.1,18.1
639,Senica, Slovakia,14.9,13.8,14.3,16.7
640,Paradise, USA,14.9,11.7,4.3,17.9
641,Sao Paulo, Brazil,14.8,14.2,15.3,16.2
642,Nicosia, Cyprus,14.8,15.5,19.2,17.4
643,Siedlce, Poland,14.8,15.7,16.3,22
644,Branistea, Romania,14.8,18,25.9,16.8
645,Zhoushan, China,14.7,16.4,19.8,21.3
646,Zlin, Czech Republic,14.7,13,16.5,21.7
647,Changwon, South Korea,14.7,17.2,19.2,20.6
648,Miaoli, Taiwan,14.7,13.4,16.6,19.6
649,Heihe, China,14.6,16.4,14.8,18
650,Naples, Italy,14.6,16.7,22.8,13.8
651,Pristina, Kosovo,14.6,20,23.5,30.4
652,Vilnius, Lithuania,14.6,13.4,15.8,18.2
653,Przemysl, Poland,14.6,18,20.9,23.1
654,Modesto, USA,14.6,16.5,8.1,15.1
655,Golog, China,14.5,13.8,19.1,21.2
656,Hradec Kralove, Czech Republic,14.5,13.7,14.8,19.7
657,Marianske Radcice, Czech Republic,14.5,14.9,15.5,20.5
658,Taoyuan, Taiwan,14.5,13.8,16,17.9
659,Turlock, USA,14.5,18,12,17.3
660,Reno, USA,14.5,9.6,4.2,8.4
661,Evergem, Belgium,14.4,13,14.2,15.3
662,Nesher, Israel,14.4,13.6,16.8,12.4
663,Benevento, Italy,14.4,20,16.2,14.2
664,Humenne, Slovakia,14.4,11.7,14,19.1
665,Vina del Mar, Chile,14.3,12.1,13.8,11.9
666,Haikou, China,14.3,14.1,16.3,17.1
667,Larnaca, Cyprus,14.3,15.9,19.9,18.1
668,Valparaiso, Chile,14.2,12.9,14.4,13.4
669,Budapest, Hungary,14.2,13.8,14,16.5
670,Riverside, USA,14.2,14.4,12.4,12.8
671,Truckee, USA,14.2,11.1,7.2,11.8
672,Most, Czech Republic,14.1,13.8,15.1,21.7
673,Szentgotthard, Hungary,14.1,14.5,12.6,12.2
674,Kasaoka, Japan,14.1,14.4,15.7,17.1
675,Waalwijk, Netherlands,14.1,12.1,11.8,14.3
676,Long Beach, USA,14.1,15.1,12.3,13.5
677,Shady Cove, USA,14.1,9.7,5.1,13.7
678,Zwevegem, Belgium,14,11.7,13.3,15.4
679,Da hinggan Ling, China,14,14.3,19.9,17.8
680,Pecs, Hungary,14,14.2,14.7,16.6
681,Asakuchi, Japan,14,15.5,16.1,18
682,Yala, Thailand,14,16.2,20.9,19
683,Colville, USA,14,13.4,8.3,13.3
684,Abasolo, Mexico,13.9,12.1,13.6,13
685,Suncheon, South Korea,13.9,15.9,18.1,21
686,Merced, USA,13.9,16.9,9.8,15.3
687,Tome, Chile,13.8,11.5,15.7,20.9
688,Pardubice, Czech Republic,13.8,12.5,14.7,19.4
689,Singapore, Singapore,13.8,11.8,19,14.8
690,Bratislava, Slovakia,13.8,14.2,13.6,17.2
691,Lewiston, USA,13.8,5.6,5.7,5.3
692,Bogota, Colombia,13.7,14.3,13.1,13.9
693,Paris, France,13.7,12.2,14.7,15.6
694,Calamba, Philippines,13.7,5.7,4,9.3
695,Penghu, Taiwan,13.7,12.3,13.1,14.3
696,Narathiwat, Thailand,13.7,14.3,17.5,15.2
697,Los Angeles, USA,13.7,14.6,12.7,14.4
698,Granite City, USA,13.7,10.1,11.8,11.2
699,Gordonville, USA,13.7,9.7,11,9.2
700,Lug, Croatia,13.6,14.7,21.7,22.3
701,Red Bluff, USA,13.6,14.8,6.5,11.1
702,Columbus, USA,13.6,10.8,11.6,6.7
703,Twisp, USA,13.6,7.8,6,16.6
704,Yeosu, South Korea,13.5,15,17.9,17.4
705,Keelung, Taiwan,13.5,13.5,12.6,13.5
706,La Mirada, USA,13.5,13.4,13.5,16
707,Sparks, USA,13.5,10.7,5.6,7.7
708,Carlisle, USA,13.5,10,11.1,9.5
709,Mlada Boleslav, Czech Republic,13.4,13,15.6,19.1
710,Rozdalovice, Czech Republic,13.4,13.6,13,19.2
711,Kaunas, Lithuania,13.4,10.8,12.2,15.1
712,Olsztyn, Poland,13.4,14.1,15.5,20.3
713,Szczecin, Poland,13.4,13,15.6,18.6
714,Ecublens, Switzerland,13.4,11,11.3,14.8
715,Anaheim, USA,13.4,12.4,9.1,12
716,Chicago, USA,13.4,11.1,12.8,9.4
717,McKeesport, USA,13.4,11.2,13.3,10
718,Roeselare, Belgium,13.3,12.1,13.3,15.3
719,Piracicaba, Brazil,13.3,13.7,13.4,13.6
720,Teplice, Czech Republic,13.3,13.4,14.2,19.1
721,Lübeck, Germany,13.3,10.3,9.7,11.4
722,Hofu, Japan,13.3,12.1,12.4,12.3
723,Stockton, USA,13.3,16.1,9.6,17.7
724,Atlanta, USA,13.3,10,11.9,10.6
725,Kromeriz, Czech Republic,13.2,12,14.3,20.8
726,Duisburg, Germany,13.2,11.8,12.3,13.2
727,Upland, USA,13.2,13.4,10.3,15.8
728,Yuba City, USA,13.2,19.4,9.6,18.2
729,Athens, USA,13.2,8.2,10.1,8.9
730,Kamiah, USA,13.2,9,7.5,8.5
731,Nampa, USA,13.2,10.2,6.7,8.6
732,Cleveland, USA,13.2,12.4,13.3,9.5
733,Yakima, USA,13.2,11.2,10.4,11.4
734,Bydgoszcz, Poland,13.1,15.8,21.7,24.2
735,Kansas City, USA,13.1,10.8,9.4,10.1
736,Hendersonville, USA,13.1,9.7,8.1,6.7
737,Omak, USA,13.1,11.9,8.7,12.7
738,Beveren, Belgium,13,11.6,13.3,14.9
739,Yushu, China,13,10.9,9.7,15.9
740,Gelsenkirchen, Germany,13,11.9,14,16.6
741,Taipei, Taiwan,13,12.6,13.9,14.9
742,Stabroek, Belgium,12.9,11.9,11.7,13.6
743,Usti nad Labem, Czech Republic,12.9,12,14.1,18.3
744,Giessen, Germany,12.9,12.7,13.7,14.1
745,Krefeld, Germany,12.9,11.1,13.9,16.5
746,New Taipei, Taiwan,12.9,12.9,14.1,15.2
747,Chico, USA,12.9,16.8,7,17.6
748,McCall, USA,12.9,10.3,7.4,7.8
749,Lancaster, USA,12.9,8.8,9.4,8.2
750,Zelzate, Belgium,12.8,11.9,14.7,15.6
751,Zygi, Cyprus,12.8,12.5,14.4,14.3
752,Caserta, Italy,12.8,11.7,13.5,10.7
753,Handa, Japan,12.8,12.9,15.3,15.7
754,Omuta, Japan,12.8,13.8,15.6,15.3
755,Gridley, USA,12.8,16.9,10,16.9
756,Madawaska, USA,12.8,5.7,6.3,7.8
757,Sioux Falls, USA,12.8,8.9,9.2,5.7
758,Antwerpen, Belgium,12.7,10.7,12.9,14.4
759,Gent, Belgium,12.7,10.8,13,14.9
760,Schoten, Belgium,12.7,11.4,12.8,14.5
761,Seraing, Belgium,12.7,10.9,10.5,12.5
762,Valdivia, Chile,12.7,13.5,14.5,33.3
763,Yatsushiro, Japan,12.7,14.2,15.2,14.9
764,Hayashima, Japan,12.7,14.1,14.8,15.9
765,Ziar nad Hronom, Slovakia,12.7,12.3,13.3,16.6
766,Satun, Thailand,12.7,9.9,14.4,11.3
767,Steenokkerzeel, Belgium,12.6,10.6,11.7,13
768,Saint-Quentin, France,12.6,11.1,12.2,14.3
769,Niederzier, Germany,12.6,13.7,13.1,15.4
770,Tadotsu, Japan,12.6,13.6,15.2,16.5
771,Salmon, USA,12.6,12.5,9.3,9.9
772,Chattanooga, USA,12.6,10.8,12.4,8.6
773,Qoqek, China,12.5,12.2,10,12.1
774,La Mulatiere, France,12.5,14.6,12.8,14.1
775,Berlin, Germany,12.5,11.8,9.7,11.7
776,Bernau bei Berlin, Germany,12.5,10.9,13.2,16.4
777,Warstein, Germany,12.5,9.2,8.2,13.3
778,Arao, Japan,12.5,12,14,15.2
779,Veldhoven, Netherlands,12.5,10.6,12.3,12.8
780,A Coruna, Spain,12.5,14,12,13.5
781,Christchurch, United Kingdom,12.5,12.5,12.8,12.2
782,Roseville, USA,12.5,15.2,7.6,11.4
783,Pittsburgh, USA,12.5,10.1,12.2,10.1
784,Shikokuchuo, Japan,12.4,13,13.6,14.9
785,Sandpoint, USA,12.4,10.2,6.4,10.7
786,Indianapolis, USA,12.4,11.8,13.4,10.1
787,Chester, USA,12.4,10.1,10.6,11.7
788,Baden, Austria,12.3,13.8,14.3,18.9
789,Destelbergen, Belgium,12.3,10.9,12.5,14.2
790,Torchiarolo, Italy,12.3,12.6,13.8,17.2
791,Abiko, Japan,12.3,12.1,13.1,13.2
792,Niihama, Japan,12.3,13.2,13.9,14.8
793,Guanajuato, Mexico,12.3,12.6,12.8,9
794,Utrecht, Netherlands,12.3,10.1,11.2,11.5
795,Shreveport, USA,12.3,7.5,6.6,6.6
796,Detroit, USA,12.3,9.8,9.9,9.4
797,Newark, USA,12.3,10.6,11.2,8.9
798,Coquimbo, Chile,12.2,10.6,12,12.8
799,Jihlava, Czech Republic,12.2,12,13.3,16.9
800,Gardanne, France,12.2,11.3,11.2,12.1
801,Frankfurt/Oder, Germany,12.2,10.7,12.3,16.8
802,Hertford, United Kingdom,12.2,10.4,7.6,10.2
803,Cedar Rapids, USA,12.2,8.9,7.9,8.4
804,Thompson Falls, USA,12.2,8.5,7.1,9.5
805,Raleigh, USA,12.2,9.8,11.3,9.8
806,Knoxville, USA,12.2,9.5,10.2,8.8
807,Linz, Austria,12.1,11.3,13.3,15.4
808,Aarschot, Belgium,12.1,10.1,11.6,13.7
809,Blankenfelde-Mahlow, Germany,12.1,10.3,12.3,16.8
810,Spremberg, Germany,12.1,10.6,12.1,16.8
811,Ozu, Japan,12.1,12.8,14.3,14.3
812,Yanagawa, Japan,12.1,11.5,13.1,13.3
813,Kanoya, Japan,12.1,14,14.3,15.5
814,Davenport, USA,12.1,10.8,9.5,10.4
815,Rumford, USA,12.1,5.1,5.4,6.4
816,Traun, Austria,12,11.9,12.9,14.9
817,Vilvoorde, Belgium,12,10.6,12.6,14.9
818,Santos, Brazil,12,13.7,15.4,14.8
819,Copiapo, Chile,12,11.5,12.4,13.8
820,Sanya, China,12,11.2,13.7,14.3
821,Lijiang, China,12,11.7,10.5,15.6
822,Kladno, Czech Republic,12,12.3,12.2,19
823,Valenciennes, France,12,10,11.3,15.3
824,Schwerin, Germany,12,9.1,11.9,12.5
825,Tobishima, Japan,12,12.6,14.6,15
826,Uto, Japan,12,15.2,15.2,13.2
827,Soja, Japan,12,11.8,12.7,13.7
828,Kofu, Japan,12,11.4,12.1,11.9
829,Zaandam, Netherlands,12,11.3,13.3,11.4
830,Sacramento, USA,12,16.3,8.7,14.7
831,Joliet, USA,12,9.8,10.3,9.9
832,Kalamazoo, USA,12,8.3,7.6,8
833,Cass Lake, USA,12,5,5.2,6.6
834,Canton, USA,12,10,11.3,10.3
835,Steubenville, USA,12,6.6,11.1,12.4
836,Deer Park, USA,12,10.6,7.5,8
837,Boom, Belgium,11.9,10.5,11.5,13.2
838,Damme, Belgium,11.9,10.5,12.2,13.1
839,Dessel, Belgium,11.9,10.7,12.3,13.2
840,Kadan, Czech Republic,11.9,11.2,12.8,18.8
841,Lille, France,11.9,10.1,11.8,14.3
842,Miyakonojo, Japan,11.9,14,14.2,15.2
843,Nakatsu, Japan,11.9,12.7,14,14.9
844,Imari, Japan,11.9,14.1,17.6,13.9
845,Shiroishi, Japan,11.9,13.8,15,15.8
846,Moscow, Russia,11.9,10.5,10,10.1
847,Birmingham, USA,11.9,9.9,11.5,9.8
848,Yosemite Valley, USA,11.9,18.6,9.5,20.4
849,Rochester, USA,11.9,8.8,8.7,8.6
850,Missoula, USA,11.9,8.7,7.4,8.2
851,Camden, USA,11.9,9.3,11,10.6
852,Tulsa, USA,11.9,9.7,11.6,11.6
853,Harrisburg, USA,11.9,9.3,9,7.9
854,Richmond, USA,11.9,8.8,11.4,7.2
855,St. Polten, Austria,11.8,12.1,11,14.3
856,Vienna, Austria,11.8,11,12.3,15.2
857,Ribeirao Preto, Brazil,11.8,7.2,8.2,11.3
858,Znojmo, Czech Republic,11.8,11.9,14.2,19.7
859,Rouen, France,11.8,9.6,12.5,12.6
860,Cottbus, Germany,11.8,10.4,11.6,16.1
861,Villarejo de Salvanes, Spain,11.8,11.7,10.8,9.8
862,Burns, USA,11.8,11.6,7.7,10.1
863,Steyregg, Austria,11.7,11.3,12.3,13.7
864,Alto Hospicio, Chile,11.7,10.2,11.9,10.5
865,Lyon, France,11.7,11.7,11.4,11.7
866,Saijo, Japan,11.7,12.5,14.3,14.8
867,Shijonawate, Japan,11.7,11.6,12.9,13.9
868,Zielona Gora, Poland,11.7,10.6,13.8,16.9
869,Swansea, United Kingdom,11.7,8.3,11.2,12.8
870,Colfax, USA,11.7,13.5,6.1,11.3
871,Folsom, USA,11.7,14.5,6.5,10.2
872,Saint Paul, USA,11.7,9.1,9.5,8.2
873,Cincinnati, USA,11.7,10.1,11.2,10.4
874,Wiener Neudorf, Austria,11.6,11,11.5,14
875,Voitsberg, Austria,11.6,11.2,10.6,14.7
876,Taubate, Brazil,11.6,11.7,11.5,11.4
877,Mulhouse, France,11.6,12,11.7,13
878,Bethune, France,11.6,10.3,11.4,13.9
879,Passau, Germany,11.6,11.4,12.6,14.9
880,Matsuyama, Japan,11.6,11.8,13.7,14.3
881,Zentsuji, Japan,11.6,13,14.2,15.1
882,Vredepeel, Netherlands,11.6,10.3,12.1,12.1
883,Lugones, Spain,11.6,12.8,13.5,12.1
884,Evansville, USA,11.6,8.3,7.6,9
885,Detroit Lakes, USA,11.6,5,5.3,5.7
886,Hamilton, USA,11.6,7.8,6.3,6.9
887,Durham, USA,11.6,8.9,10.5,8.5
888,Spokane, USA,11.6,11.1,8.1,10.6
889,Arica, Chile,11.5,11.8,10.8,12.5
890,Huasco, Chile,11.5,10.3,10.3,11.5
891,Kuji, Japan,11.5,10.4,12.4,11.5
892,Minamata, Japan,11.5,13.8,14.7,13.2
893,Kashima, Japan,11.5,12.6,13.3,13.4
894,Nijmegen, Netherlands,11.5,10,11.1,11.9
895,Blenheim, New Zealand,11.5,12.3,12.2,13.8
896,Elk Grove, USA,11.5,13,6.2,12.3
897,Baltimore, USA,11.5,9.9,11.2,8.5
898,Charlotte, USA,11.5,9.5,12.2,8.3
899,Akron, USA,11.5,10.6,11.3,9
900,Philadelphia, USA,11.5,9.5,10.5,9.3
901,Madison, USA,11.5,9.1,10.5,8.7
902,La Serena, Chile,11.4,10.2,13.6,14.5
903,Liberec, Czech Republic,11.4,11.6,12.5,18.4
904,Neuruppin, Germany,11.4,9.9,11.6,14.2
905,Düsseldorf, Germany,11.4,10.7,12.9,12.5
906,Munakata, Japan,11.4,11,12.6,12.3
907,Tagawa, Japan,11.4,12.6,13.8,13.8
908,Ozu, Japan,11.4,13.1,14.1,13.9
909,Tamano, Japan,11.4,11.8,13.1,13.4
910,Lugano, Switzerland,11.4,11.9,11.3,12.7
911,Grass Valley, USA,11.4,13.7,5.5,6.8
912,Minneapolis, USA,11.4,8.4,8.8,7.8
913,Lima, USA,11.4,5.3,7.2,5.6
914,Greensburg, USA,11.4,7.3,7.3,7.2
915,Landen, Belgium,11.3,9.1,10.9,12.8
916,Prague, Czech Republic,11.3,10.9,11.5,17.4
917,Creil, France,11.3,9.9,10.1,12.5
918,Bobigny, France,11.3,10.6,10,11.2
919,Elsterwerda, Germany,11.3,10.5,11.7,16.2
920,Dortmund, Germany,11.3,10.6,11.8,14.5
921,Worms, Germany,11.3,10.9,11.9,13.1
922,Imabari, Japan,11.3,13,14.9,14.7
923,Kure, Japan,11.3,11.4,12.9,13.8
924,Kikuchi, Japan,11.3,12.6,13.1,13.8
925,Zurich, Switzerland,11.3,8.9,10.9,11.2
926,Bozeman, USA,11.3,7.6,7.2,7.3
927,Omaha, USA,11.3,9.5,9.1,8.5
928,Bend, USA,11.3,13.6,5.8,8.4
929,Dieppe, France,11.2,9.6,11.2,12.4
930,Nauen, Germany,11.2,10.1,11.5,15.2
931,Speyer, Germany,11.2,10.6,11.5,13.2
932,Dazaifu, Japan,11.2,12,14.3,15.3
933,Meridian, USA,11.2,10.5,7.9,7.7
934,Peoria, USA,11.2,8.2,8.6,9.6
935,Waterloo, USA,11.2,7.6,8.4,10.6
936,Wichita, USA,11.2,7.4,8.3,6.6
937,Butte, USA,11.2,8.4,7.2,6.8
938,Ponca City, USA,11.2,9.3,8.3,8.1
939,Denton, USA,11.2,8.5,7.4,8.1
940,Haselbach, Austria,11.1,10.7,12.3,13.2
941,Varna, Bulgaria,11.1,14.9,21.8,16.8
942,Xilin Gol, China,11.1,9.8,10.1,16.1
943,Gennevilliers, France,11.1,9,11.9,13
944,Gonesse, France,11.1,9.5,11.1,12.4
945,Fukuyama, Japan,11.1,11.4,12.9,14.2
946,Reihoku, Japan,11.1,12.8,14.6,12.3
947,Seika, Japan,11.1,11.6,13.2,13.9
948,Isahaya, Japan,11.1,12.6,14.5,9.4
949,Maassluis, Netherlands,11.1,11.2,11.8,14
950,Collado Villalba, Spain,11.1,12.3,10.2,9
951,Stanford-le-Hope, United Kingdom,11.1,11.7,11.7,10
952,Huntsville, USA,11.1,9.4,9.6,9.4
953,Auburn, USA,11.1,14.2,5.9,12.1
954,San Diego, USA,11.1,11.7,9.4,12.4
955,Decatur, USA,11.1,9.2,9.6,9.1
956,Conroe, USA,11.1,10.5,10.2,8.5
957,Houston, USA,11.1,10.4,10.8,9.7
958,Mission, USA,11.1,10.2,11,10.3
959,South Padre Island, USA,11.1,12.1,9.5,9
960,Spokane Valley, USA,11.1,10.4,8.9,9.7
961,Schwechat, Austria,11,10.9,11.6,15.2
962,Brussels, Belgium,11,9.3,14.1,14.1
963,Hamilton, Canada,11,9.4,10.1,8.9
964,Asakura, Japan,11,11.7,12.6,13.3
965,Kanonji, Japan,11,11.7,15.1,18.3
966,Chigasaki, Japan,11,10.4,12.8,13.8
967,Hagi, Japan,11,10.8,12.1,10.8
968,Biest Houtakker, Netherlands,11,10.5,11.6,12.5
969,Masterton, New Zealand,11,11.2,12.5,11.1
970,Baerum, Norway,11,6.7,9.1,9.7
971,Vigo, Spain,11,9.4,10.5,11
972,Simi Valley, USA,11,10.7,8.9,8.9
973,Woodland, USA,11,15.7,8.1,12.9
974,Iowa City, USA,11,9.7,9.6,8.6
975,Beaver Falls, USA,11,8.6,9.5,10.8
976,Reading, USA,11,9.6,9.4,7.6
977,Midlothian, USA,11,9.3,9.2,9.3
978,Glinzendorf, Austria,10.9,10.6,11.2,14.3
979,Wels, Austria,10.9,11.1,12.2,15.3
980,Strasbourg, France,10.9,10.6,14,14.4
981,Melun, France,10.9,10.8,13.6,14.1
982,Le Havre, France,10.9,8.4,9.7,10
983,Buckow, Germany,10.9,9.8,11.6,13.7
984,Potsdam, Germany,10.9,9.7,11.5,14.8
985,Magdeburg, Germany,10.9,9.4,10.8,14.7
986,Taranto, Italy,10.9,10.5,11.4,12.1
987,Mihama, Japan,10.9,10.6,12.2,14.9
988,Masaki, Japan,10.9,11.5,12,12.3
989,Iizuka, Japan,10.9,11.8,12.6,13.5
990,Tatebayashi, Japan,10.9,11.5,13,13.7
991,Kumamoto, Japan,10.9,13,14.4,15.3
992,Kumiyama, Japan,10.9,11.6,12.6,12.5
993,Kasukabe, Japan,10.9,11.6,13,14.6
994,Misato, Japan,10.9,11.9,12.5,14.2
995,Takaoka, Japan,10.9,10,11.2,11.5
996,Wekerom, Netherlands,10.9,9.6,11.4,12.8
997,Montgomery, USA,10.9,13.3,13.1,13.5
998,Little Rock, USA,10.9,9.1,9.1,9.4
999,Wilmington, USA,10.9,8.1,11.1,8.1
1000,Pinehurst, USA,10.9,11.8,9.1,12.7
1001,Saint Maries, USA,10.9,11.5,11.2,10.7
1002,Allen Park, USA,10.9,8.7,8.4,9.1
1003,Frenchtown, USA,10.9,8.8,8.6,10.1
1004,Moore, USA,10.9,9.8,10.1,10
1005,Grants Pass, USA,10.9,12.7,8.4,12.8
1006,Burgettstown, USA,10.9,8.1,8.9,7.3
1007,Schondorf, Austria,10.8,9.9,11.3,13.3
1008,Veurne, Belgium,10.8,9.8,11.3,12.8
1009,Passy, France,10.8,10.9,10,11.1
1010,Reims, France,10.8,10,11.2,13.1
1011,Campagne-les-Boulonnais, France,10.8,9.1,9.9,12.8
1012,Arzberg, Germany,10.8,10.6,10.7,14.3
1013,Coburg, Germany,10.8,10.3,10,12.3
1014,Eberswalde, Germany,10.8,10.4,11.4,16
1015,Schwedt/Oder, Germany,10.8,9.9,10.6,16
1016,Essen, Germany,10.8,9.6,11.7,13.9
1017,Ludwigshafen am Rhein, Germany,10.8,10.1,11.5,13.3
1018,Dresden, Germany,10.8,10.3,11.5,14.9
1019,Kitakyushu, Japan,10.8,12.6,13.5,14
1020,Nogata, Japan,10.8,12.2,13.2,13.4
1021,Hanyu, Japan,10.8,10.9,12.5,13.9
1022,Schiedam, Netherlands,10.8,10.6,11.1,12.3
1023,Norwich, United Kingdom,10.8,9,10.1,11.2
1024,Calexico, USA,10.8,13.9,8.9,12.9
1025,Willits, USA,10.8,15.9,7.4,10
1026,Lexington, USA,10.8,7.9,8.2,9.9
1027,Grand Rapids, USA,10.8,9.2,8.6,8
1028,Elizabeth, USA,10.8,9.6,10.6,10.7
1029,Edmond, USA,10.8,10,9.7,9.6
1030,Waukesha, USA,10.8,9.1,10.2,9.1
1031,Antofagasta, Chile,10.7,9.4,12.2,9.1
1032,Budejovice, Czech Republic,10.7,11,12.7,16.9
1033,Valence, France,10.7,10,10.9,11.2
1034,Vitry-Sur-Seine, France,10.7,10.1,10.9,13.4
1035,Mannheim, Germany,10.7,10.3,12.3,12.7
1036,Ansbach, Germany,10.7,10.9,11.1,13.1
1037,Mainz, Germany,10.7,10.4,11.5,12.6
1038,Erfurt, Germany,10.7,9,9.2,12
1039,Otake, Japan,10.7,10.9,11.6,12.7
1040,Takasago, Japan,10.7,11.6,13,13.2
1041,Kurashiki, Japan,10.7,12.1,13.9,14.8
1042,Naruto, Japan,10.7,11.3,11.8,13
1043,Kudamatsu, Japan,10.7,11.4,12.6,12.9
1044,Bournemouth, United Kingdom,10.7,9.9,10.8,11.2
1045,Cambridge, United Kingdom,10.7,9.3,10.9,12
1046,Alpine, USA,10.7,7.7,5.9,7.6
1047,Willows, USA,10.7,15.3,7.6,10.4
1048,Normal, USA,10.7,8.7,10.1,9.8
1049,Westlake, USA,10.7,10.6,10.7,11.3
1050,Austin, USA,10.7,9.3,9.9,8.7
1051,Mons, Belgium,10.6,7.9,12.1,11.3
1052,Kamenny Ujezd, Czech Republic,10.6,11.5,12,16.4
1053,Chambery, France,10.6,8.7,8.6,10.6
1054,Datteln, Germany,10.6,8.6,10.8,14.4
1055,Greiz, Germany,10.6,9.7,9.8,13.1
1056,Kiryu, Japan,10.6,11.6,11.5,13
1057,Ureshino, Japan,10.6,11.7,13.6,13.8
1058,Hasuda, Japan,10.6,11.1,12.8,14.4
1059,Miyashiro, Japan,10.6,11.4,12.5,14.1
1060,Durango, Spain,10.6,6.9,7.7,8.3
1061,Valladolid, Spain,10.6,9.7,10.8,10.1
1062,Lucerne, Switzerland,10.6,9.4,11,13.8
1063,Davis, USA,10.6,15.1,7.7,11.2
1064,Dayton, USA,10.6,10.4,9,8.2
1065,Springfield, USA,10.6,7.7,10.6,10.3
1066,Durnrohr, Austria,10.5,9.6,10.5,11.5
1067,Sedlec, Czech Republic,10.5,10.3,12.6,18.6
1068,Lunéville, France,10.5,10.2,10.5,12.2
1069,Nancy, France,10.5,9.5,9.4,10.9
1070,Avignon, France,10.5,10.3,11,11.8
1071,Wurzburg, Germany,10.5,9.8,9.9,11.9
1072,Halle (Saale), Germany,10.5,10.7,10.9,14.6
1073,Kasugai, Japan,10.5,10.2,11.8,12.6
1074,Kanda, Japan,10.5,13.3,13.5,14.3
1075,Kakogawa, Japan,10.5,11.3,13.5,14.2
1076,Odawara, Japan,10.5,10.1,12.7,11.8
1077,Kochi, Japan,10.5,11,11.2,11.2
1078,Miyazaki, Japan,10.5,10.9,12.2,12.2
1079,Kazo, Japan,10.5,10.5,12.4,14.3
1080,Kitajima, Japan,10.5,11.7,11.9,12.3
1081,Noreikiškės, Lithuania,10.5,9.7,15.4,13.3
1082,Rugsteliskis, Lithuania,10.5,10.1,11.1,12.5
1083,Breda, Netherlands,10.5,9.1,11.5,14.1
1084,Lugo, Spain,10.5,9.4,9.2,9.2
1085,Worsley, United Kingdom,10.5,10.9,10.1,10
1086,Oxnard, USA,10.5,9.3,7.2,8.7
1087,Champaign, USA,10.5,9.4,9.9,8.6
1088,Winston-Salem, USA,10.5,9.1,12.3,7.2
1089,Eisenstadt, Austria,10.4,10.1,11.3,14
1090,Montreal, Canada,10.4,9.5,10,7
1091,Vaulx-en-Velin, France,10.4,10.7,10.6,10.8
1092,Saint-Jean-de-Braye, France,10.4,8.9,9.9,10.7
1093,Douai, France,10.4,12,12.3,15
1094,Ulm, Germany,10.4,9.4,10.6,12.1
1095,Bamberg, Germany,10.4,10.3,10.2,12.7
1096,Fulda, Germany,10.4,10.5,12.2,14.4
1097,Gustrow, Germany,10.4,8.9,10.2,11.6
1098,Weimar, Germany,10.4,9.1,9.6,13.7
1099,Amakusa, Japan,10.4,12.4,13.5,13.3
1100,Kashihara, Japan,10.4,11.1,12,12.1
1101,Oita, Japan,10.4,12,12.6,12.4
1102,Shimonoseki, Japan,10.4,11.2,12.8,13.4
1103,Ridderkerk, Netherlands,10.4,10,11,12.7
1104,Rymanow-Zdroj, Poland,10.4,11.7,15.8,14.6
1105,Dubendorf, Switzerland,10.4,14,13.7,10.4
1106,Fillmore, USA,10.4,9.9,7.6,9.9
1107,Lewiston, USA,10.4,10.5,7.5,8.3
1108,Naperville, USA,10.4,9.5,10.9,10.6
1109,Des Moines, USA,10.4,7.2,7.3,7.4
1110,Emmetsburg, USA,10.4,6.4,7.7,8.6
1111,Billings, USA,10.4,7.1,6.5,8.7
1112,Birney, USA,10.4,7.9,5.4,6.9
1113,Helena, USA,10.4,6.5,7.7,6.7
1114,Beulah, USA,10.4,4.8,5,6.7
1115,Fort Worth, USA,10.4,9.3,8.4,10
1116,Bathurst, Australia,10.3,8.7,13.1,7
1117,London, Canada,10.3,6.7,6.4,7.3
1118,Talence, France,10.3,9.7,9.4,10.6
1119,Kehl, Germany,10.3,9.9,11.4,11.5
1120,Munich, Germany,10.3,9.8,10.6,13.6
1121,Eisenhuttenstadt, Germany,10.3,10.4,11.8,16.7
1122,Higashihiroshima, Japan,10.3,11.3,12.8,13
1123,Mihara, Japan,10.3,11.8,12.8,13.3
1124,Satsumasendai, Japan,10.3,12.4,13.2,15.2
1125,Saga, Japan,10.3,12.2,13.8,13.5
1126,Tosu, Japan,10.3,13.1,13.6,13.1
1127,Satte, Japan,10.3,10.8,15.5,15.6
1128,Utsunomiya, Japan,10.3,11,12.3,12.6
1129,Amsterdam, Netherlands,10.3,9.9,10.7,11.5
1130,Villa del Prado, Spain,10.3,10.8,11.1,10.8
1131,Lower Stoke, United Kingdom,10.3,9.6,11.4,10.4
1132,Northampton, United Kingdom,10.3,10.3,11.6,11.1
1133,Chepstow, United Kingdom,10.3,9.5,12.6,10
1134,El Cajon, USA,10.3,11.6,10.3,10.7
1135,Decatur, USA,10.3,8.7,10.1,10.5
1136,Topeka, USA,10.3,9.3,9.2,9.6
1137,Louisville, USA,10.3,9.1,9.7,9.4
1138,Owensboro, USA,10.3,8,8.7,9
1139,Illmitz, Austria,10.2,10.2,11.1,13.9
1140,Enns, Austria,10.2,8.9,11.6,16.8
1141,Ingolstadt, Germany,10.2,10.6,10.8,13.9
1142,Trier, Germany,10.2,10.1,10.9,12.8
1143,Yokkaichi, Japan,10.2,10.2,12.2,14.2
1144,Nichinan, Japan,10.2,12.3,12.2,12.4
1145,Bizen, Japan,10.2,10.8,13.4,13.7
1146,Okayama, Japan,10.2,11.6,13.2,13.9
1147,Takeo, Japan,10.2,13.4,13.6,13.1
1148,Kaiapoi, New Zealand,10.2,10,11.9,10.9
1149,Gijon, Spain,10.2,9.8,11.2,9.9
1150,Quart de Poblet, Spain,10.2,11.2,13.2,12.6
1151,Tracy, USA,10.2,11.4,6.7,11.7
1152,McAlester, USA,10.2,8.5,8.6,8.9
1153,Athens, USA,10.2,8.7,10,7.6
1154,Texarkana, USA,10.2,9.7,10.2,9.6
1155,Brigham City, USA,10.2,8.5,6.6,8.7
1156,Toppenish, USA,10.2,14.9,10,10.4
1157,Ayia Marina, Cyprus,10.1,9.5,10.3,12.9
1158,Albertville, France,10.1,9.1,8.5,10
1159,Annecy, France,10.1,9.9,9.5,12.1
1160,Marseille, France,10.1,9.6,10.7,12.4
1161,Stuttgart, Germany,10.1,11,11.7,12.8
1162,Burghausen, Germany,10.1,10.3,11.2,14.3
1163,Kelheim, Germany,10.1,9.8,11,13.8
1164,Neu-Ulm, Germany,10.1,10,10.6,13.2
1165,Rostock, Germany,10.1,9.6,11.8,14.4
1166,Unna, Germany,10.1,8.7,14.2,14.1
1167,Leipzig, Germany,10.1,9.6,11.6,14.7
1168,Burg (bei Magdeburg), Germany,10.1,9.4,10.2,12.4
1169,Itzehoe, Germany,10.1,9.1,10.3,12.1
1170,Sasaguri, Japan,10.1,11,11.4,13
1171,Yame, Japan,10.1,11.6,12.7,14.3
1172,Chikusei, Japan,10.1,10.8,12.2,12.7
1173,Kirishima, Japan,10.1,12,12.5,15.4
1174,Goto, Japan,10.1,11.6,12.6,12.2
1175,Iki, Japan,10.1,11.6,12.6,14.2
1176,Nagasaki, Japan,10.1,11.2,11.8,12.3
1177,Hanno, Japan,10.1,10.8,11.9,13.2
1178,Oyama, Japan,10.1,12.2,12.9,13.2
1179,Wakayama, Japan,10.1,10.3,11.3,12.5
1180,Lillestrom, Norway,10.1,6.1,6.6,7.5
1181,Bilbo, Spain,10.1,9.2,9.7,9.7
1182,Borehamwood, United Kingdom,10.1,9.6,9.3,7.1
1183,Ketchum, USA,10.1,6.3,4.3,5
1184,Jackson, USA,10.1,10.1,9.6,9.6
1185,Greenville, USA,10.1,6.3,9.4,7
1186,Lebanon, USA,10.1,7.6,9.1,8.5
1187,Prineville, USA,10.1,11.2,7.6,9.7
1188,Steyr, Austria,10,9.4,11,13.3
1189,Montbeliard, France,10,10.2,10.9,11.3
1190,Gap, France,10,9.8,10.7,11.7
1191,Aschaffenburg, Germany,10,10.1,10,11.8
1192,Oberaudorf, Germany,10,10,11.5,13.6
1193,Hamburg, Germany,10,9.1,10.8,12.3
1194,Mönchengladbach, Germany,10,9.5,10.2,13.8
1195,Dornbock, Germany,10,9.3,10.6,13.3
1196,Yotsukaido, Japan,10,10.5,11.5,12.5
1197,Fukuoka, Japan,10,11.4,13.1,12.8
1198,Itami, Japan,10,10.2,11.7,11.3
1199,Joso, Japan,10,10.2,12.5,12.7
1200,Takanabe, Japan,10,12.6,12.4,12.9
1201,Osaka, Japan,10,10.7,13.5,13.8
1202,Ageo, Japan,10,10.5,11.8,13.2
1203,Fujimi, Japan,10,10.5,11.9,13.1
1204,Breukelen, Netherlands,10,9.1,10.6,11.7
1205,Oviedo, Spain,10,8.8,10.1,13.6
1206,Puerto del Rosario, Spain,10,8.1,7.8,10.5
1207,Yilan, Taiwan,10,9.7,11,11.8
1208,Huron, USA,10,8.7,5.8,10.3
1209,Oceanside, USA,10,10.2,6.9,10.3
1210,Idaho City, USA,10,11.3,9,10.6
1211,Alsip, USA,10,7.8,10.6,9
1212,Hammond, USA,10,9.2,10.9,9.9
1213,Dearborn, USA,10,9.1,9.5,9.9
1214,New York City, USA,10,6.5,7,7
1215,Bismarck, USA,10,5.8,4.9,7.1
1216,Allentown, USA,10,8.3,8.4,9.3
1217,Hampton, USA,10,8.1,9.4,6.3
1218,Altay, China,9.9,11.1,9.9,9.3
1219,Grenoble, France,9.9,10.7,10.1,11.3
1220,Dax, France,9.9,10.4,9.2,8.9
1221,Nantes, France,9.9,9.2,10,10.1
1222,Augsburg, Germany,9.9,9.8,10.7,13.2
1223,Bremerhaven, Germany,9.9,9.7,11.4,12.4
1224,Wiesbaden, Germany,9.9,9.2,9.8,12.6
1225,Köln, Germany,9.9,9.4,12.8,15.3
1226,Wuppertal, Germany,9.9,9.4,11.5,13.9
1227,Chemnitz, Germany,9.9,9.2,10.8,14.9
1228,Shirakawa, Japan,9.9,9,10.2,11.3
1229,Hiroshima, Japan,9.9,10.3,11.9,12.5
1230,Amagasaki, Japan,9.9,10.6,12.4,12.7
1231,Kagoshima, Japan,9.9,12.7,13.6,14
1232,Suzuka, Japan,9.9,10.4,12.6,13.9
1233,Yao, Japan,9.9,8.3,12.9,13.2
1234,Taku, Japan,9.9,11.5,13.1,13.1
1235,Iruma, Japan,9.9,10.8,12.3,12.8
1236,Minano, Japan,9.9,10.3,11.9,12.6
1237,Sakado, Japan,9.9,10.6,11.8,12.9
1238,Sayama, Japan,9.9,10.3,11.9,13.2
1239,Sōka, Japan,9.9,10.3,11.7,12.5
1240,Sanyoonoda, Japan,9.9,10.2,12.3,12.2
1241,Rotterdam, Netherlands,9.9,9.5,11.2,12.1
1242,Algete, Spain,9.9,10.5,13.2,12.3
1243,Moscow, USA,9.9,9.3,3.6,5.4
1244,Broadus, USA,9.9,8.6,6.4,7.8
1245,San Antonio, USA,9.9,8.9,9.4,8
1246,Chatelet, Belgium,9.8,7.3,11.2,11.7
1247,Port-de-Bouc, France,9.8,9.7,11,11.6
1248,Alt Zauche-Wusswerk, Germany,9.8,9.7,10.5,13
1249,Bremen, Germany,9.8,9.5,11,13
1250,Koblenz, Germany,9.8,8.7,11,11.8
1251,Flensburg, Germany,9.8,9.1,10.9,12.2
1252,Kiel, Germany,9.8,9.9,12.2,13.3
1253,Buzen, Japan,9.8,10.8,11.5,14.5
1254,Harima, Japan,9.8,11.5,12.4,12.7
1255,Himeji, Japan,9.8,11.2,11.8,12.6
1256,Joyo, Japan,9.8,10.3,11.7,12.5
1257,Fukaya, Japan,9.8,10.8,11.9,13.5
1258,Kuki, Japan,9.8,15.4,15.9,16.6
1259,Wako, Japan,9.8,10.5,11.8,12.7
1260,Yashio, Japan,9.8,10.5,11.6,12.3
1261,Shunan, Japan,9.8,11.3,12.6,12.7
1262,Waki, Japan,9.8,10.2,11.8,11.9
1263,Ourense, Spain,9.8,8.2,9.9,9.5
1264,Bern, Switzerland,9.8,9.4,10.9,12.8
1265,London, United Kingdom,9.8,9.6,11.4,12
1266,Oxford, United Kingdom,9.8,7.5,9.4,10.2
1267,Tranquillity, USA,9.8,12.9,6.5,11.3
1268,Denver, USA,9.8,8.7,8.2,8
1269,Fort Collins, USA,9.8,10.2,7.9,7.8
1270,Garden Valley, USA,9.8,9.5,7.2,8
1271,Glenpool, USA,9.8,9,8.4,10.3
1272,Bountiful, USA,9.8,9.7,4.7,7.4
1273,Erda, USA,9.8,7.6,6.2,7.6
1274,Mississauga, Canada,9.7,6.9,6.9,7.4
1275,Marmande, France,9.7,8.4,7.8,8.9
1276,Poitiers, France,9.7,8.2,9.6,9.9
1277,Angers, France,9.7,8.8,9.4,9.9
1278,Le Mans, France,9.7,8.5,9.2,9.5
1279,Mehring, Germany,9.7,9.6,10.5,13.4
1280,Taishi, Japan,9.7,9.7,11.8,11.7
1281,Yokosuka, Japan,9.7,10.5,11.7,12.6
1282,Konosu, Japan,9.7,10.3,11.8,15
1283,Naka, Japan,9.7,9.6,10.3,11.7
1284,Otsuki, Japan,9.7,10.1,11.2,10.9
1285,De Zilk, Netherlands,9.7,7.7,9.7,10.2
1286,Bristol, United Kingdom,9.7,10.2,11.3,12
1287,Hatfield, United Kingdom,9.7,9.3,9.5,11.2
1288,Springdale, USA,9.7,8.2,8.9,9.3
1289,Banning, USA,9.7,9.9,9.6,11
1290,Keeler, USA,9.7,9.4,4.7,7.1
1291,Ventura, USA,9.7,10.2,9.2,8.3
1292,Paducah, USA,9.7,8.8,9.4,9.8
1293,Lakeville, USA,9.7,7.9,8.2,7.4
1294,Kingsport, USA,9.7,6.1,7.5,7.2
1295,Winnipeg, Canada,9.6,5.7,5.5,7
1296,Burlington, Canada,9.6,7.4,6.8,7.5
1297,Metz, France,9.6,9.1,10.5,12.5
1298,Karlsruhe, Germany,9.6,9.1,11.2,11.4
1299,Tubingen, Germany,9.6,9.3,10.9,11.1
1300,Kleinwallstadt, Germany,9.6,9.3,10,11.7
1301,Raunheim, Germany,9.6,9.7,10.7,12.6
1302,Leverkusen, Germany,9.6,9.1,13,15.5
1303,Saarbrucken, Germany,9.6,8.8,10.1,11.8
1304,Inazawa, Japan,9.6,9.7,11.5,12.7
1305,Kamagaya, Japan,9.6,10.6,11.7,12.6
1306,Matsudo, Japan,9.6,12.6,14.2,13.6
1307,Ogaki, Japan,9.6,10,11.5,11.9
1308,Inami, Japan,9.6,10.8,12.7,12.5
1309,Kobe, Japan,9.6,10.1,11.4,11.7
1310,Izumi, Japan,9.6,11.2,13.2,12.8
1311,Nabari, Japan,9.6,10.2,11.7,13.8
1312,Tsuyama, Japan,9.6,10.2,11.7,12.2
1313,Mima, Japan,9.6,11.6,11.4,12.3
1314,Cabauw, Netherlands,9.6,9.3,10.7,10.9
1315,Ypsilanti, USA,9.6,9.5,9,8.1
1316,Hattiesburg, USA,9.6,9.6,8.8,9.6
1317,Asheville, USA,9.6,8.2,10.2,6.7
1318,Hickory, USA,9.6,8,8.7,8.3
1319,State College, USA,9.6,7.3,9.9,8.7
1320,Charleroi, Belgium,9.5,7.9,10.6,12
1321,Edmonton, Canada,9.5,6.5,7.4,10.5
1322,Rambouillet, France,9.5,7.8,8.4,11.1
1323,Toulouse, France,9.5,9.3,9.2,10.1
1324,Nice, France,9.5,9.2,11.1,12.5
1325,Weil am Rhein, Germany,9.5,8.7,9.9,10.6
1326,Wittenberge, Germany,9.5,8.8,10.5,13.7
1327,Hannover, Germany,9.5,8.2,10.9,12.8
1328,Ono, Japan,9.5,10.2,11.8,11.4
1329,Shimotsuma, Japan,9.5,9.7,12.8,13.3
1330,Kawaguchi, Japan,9.5,10,11.5,12.6
1331,Kumagaya, Japan,9.5,10.3,13.4,14
1332,Himi, Japan,9.5,8.7,8.3,10.2
1333,Groningen, Netherlands,9.5,8,9.5,10.3
1334,Fredrikstad, Norway,9.5,7,8.4,8.8
1335,Langreo, Spain,9.5,10.6,12.4,12.1
1336,Binningen, Switzerland,9.5,10.1,10.5,10.8
1337,Decatur, USA,9.5,7.7,7.5,7.7
1338,Milpitas, USA,9.5,13.8,7.3,14.5
1339,Anderson, USA,9.5,8.6,9,8.8
1340,Blaine, USA,9.5,8.1,8.8,8.3
1341,Erie, USA,9.5,7.1,7.5,8.9
1342,Marcus Hook, USA,9.5,8.5,8.2,11
1343,Plymouth Meeting, USA,9.5,7.5,7.8,7.8
1344,Columbia, USA,9.5,7.8,8.1,8
1345,Milwaukee, USA,9.5,8.1,8.5,8.1
1346,Engis, Belgium,9.4,7.4,12.2,11.9
1347,Schwandorf, Germany,9.4,10.1,10.5,13.1
1348,Trostberg, Germany,9.4,9.7,10.3,12.8
1349,Leizen, Germany,9.4,8.7,10.7,11.9
1350,Schwerte, Germany,9.4,8.4,8.7,13.1
1351,Tokai, Japan,9.4,11.3,13.4,14.8
1352,Ikeda, Japan,9.4,9.4,11.9,12.4
1353,Ichikikushikino, Japan,9.4,13.2,13.8,14.2
1354,Kyoto, Japan,9.4,9.6,11,10.9
1355,Muko, Japan,9.4,9.7,11,11.6
1356,Hyuga, Japan,9.4,13.2,11.4,11.6
1357,Gose, Japan,9.4,10.7,11.4,12.4
1358,Tenri, Japan,9.4,10.5,14.1,16.6
1359,Tokorozawa, Japan,9.4,10.3,13.1,14.2
1360,Hikone, Japan,9.4,9.7,11.2,12.2
1361,Iwakuni, Japan,9.4,9.5,11.5,13.6
1362,Heerlen, Netherlands,9.4,8.3,9.7,10.6
1363,Hoek v. Holland, Netherlands,9.4,10.1,10.5,10.7
1364,Madrid, Spain,9.4,9,9.2,10
1365,Luton, United Kingdom,9.4,8.5,9.8,9.5
1366,Thousand Oaks, USA,9.4,10,8.2,9.4
1367,Boulder, USA,9.4,9.1,7.1,7.9
1368,McLeansboro, USA,9.4,8.7,8.5,9.1
1369,Moline, USA,9.4,7.9,8.7,9.5
1370,Olathe, USA,9.4,8,6.4,7.5
1371,Ironton, USA,9.4,7.7,7.1,6.9
1372,New Paris, USA,9.4,7.9,8.9,9.3
1373,Sault Ste. Marie, Canada,9.3,4.6,4.8,5.6
1374,Toronto, Canada,9.3,7,7.4,7.8
1375,Shigatse, China,9.3,9,10.7,14.6
1376,Forbach, France,9.3,9.1,11.6,12.2
1377,Heilbronn, Germany,9.3,8.9,12.2,13.1
1378,Lindau (Bodensee), Germany,9.3,9.8,10.2,12.4
1379,Oettingen in Bayern, Germany,9.3,10.1,10.6,13.6
1380,Heppenheim (Bergstrasse), Germany,9.3,9.3,11.3,13.8
1381,Gulzow, Germany,9.3,8.5,9.5,12
1382,Weißenfels, Germany,9.3,10.2,10.4,13.5
1383,Owariasahi, Japan,9.3,9.6,11.2,12.1
1384,Tokoname, Japan,9.3,9.6,11.1,13.2
1385,Akashi, Japan,9.3,9.8,11.8,13.1
1386,Nobeoka, Japan,9.3,10.7,9.8,11.5
1387,Sasebo, Japan,9.3,11,12.6,12.8
1388,Ikoma, Japan,9.3,10.5,11.1,11.7
1389,Sakurai, Japan,9.3,10.2,11.4,11.8
1390,Koshigaya, Japan,9.3,10.2,14.3,16.8
1391,Moroyama, Japan,9.3,9.9,11.1,12.1
1392,Toda, Japan,9.3,10.1,11.5,14.9
1393,Higashiomi, Japan,9.3,9.8,13,13.5
1394,Takashima, Japan,9.3,9.1,10.3,10.8
1395,Arida, Japan,9.3,9.9,11.2,11.8
1396,Vacaville, USA,9.3,11.2,5.3,8.7
1397,Greeley, USA,9.3,9.6,9.3,9.7
1398,Lansing, USA,9.3,7.9,7.5,7.3
1399,Buffalo, USA,9.3,7,7,7.7
1400,Bryson City, USA,9.3,6,8.6,7.8
1401,Wilmington, USA,9.3,8,10.1,4.4
1402,Toledo, USA,9.3,7.7,7.5,7.9
1403,Freemansburg, USA,9.3,8.2,8.9,9.8
1404,Greenville, USA,9.3,7.8,8.6,7.4
1405,Karnack, USA,9.3,7.7,7.8,8.1
1406,Alexandria, USA,9.3,6.9,7.5,6.6
1407,Appleton, USA,9.3,7.4,8.2,6.6
1408,Chaumont-Gistoux, Belgium,9.2,6.6,10.6,11.8
1409,Sainte-Anne-de-Bellevue, Canada,9.2,8.5,8.2,6.3
1410,Saint-Dizier, France,9.2,8.5,8.9,12
1411,Aix-en-Provence, France,9.2,8.7,10.1,11.8
1412,Burgbernheim, Germany,9.2,8.6,8.9,11.1
1413,Neustadt an der Donau, Germany,9.2,9.4,10.2,12.3
1414,Braunschweig, Germany,9.2,7.9,10.3,12.5
1415,Nagoya, Japan,9.2,9.4,11.7,12.1
1416,Seto, Japan,9.2,9.2,10.4,11.3
1417,Ashiya, Japan,9.2,10,11.2,11.2
1418,Minamisatsuma, Japan,9.2,11.8,13.2,13.3
1419,Kameoka, Japan,9.2,10.1,12,11.9
1420,Kyotanabe, Japan,9.2,9.7,11,12.4
1421,Natori, Japan,9.2,10.1,11.6,11.1
1422,Omihachiman, Japan,9.2,9.4,11.6,12.4
1423,Ome, Japan,9.2,8.5,9.1,10.3
1424,Ube, Japan,9.2,9.7,11.4,11.9
1425,Naujoji Akmene, Lithuania,9.2,8,10,12.4
1426,Luxembourg, Luxembourg,9.2,8.7,9.9,11.2
1427,Enschede, Netherlands,9.2,8.5,10,10.5
1428,Timaru, New Zealand,9.2,9.3,10.9,8.6
1429,Pontecesures, Spain,9.2,8.7,11.3,11.4
1430,Port Talbot, United Kingdom,9.2,9.7,10.3,10.8
1431,Alameda, USA,9.2,12.6,8.3,10.3
1432,Bishop, USA,9.2,12.5,4.5,8.4
1433,Concord, USA,9.2,11.7,6.5,13.3
1434,Rio Vista, USA,9.2,11.5,7.2,11.2
1435,Tampa, USA,9.2,8.8,8.7,8.6
1436,New Orleans, USA,9.2,9,10.2,9.4
1437,Thibodaux, USA,9.2,9.5,10.2,6
1438,Port Huron, USA,9.2,7.4,7.5,7.8
1439,Tecumseh, USA,9.2,8.8,9.2,8.1
1440,Potosi, USA,9.2,8.4,8.7,8.3
1441,Qamdo, China,9.1,11.1,11.6,17.5
1442,Clermont Ferrand, France,9.1,8.5,8.6,9.6
1443,Saint-Chamond, France,9.1,8.9,8.1,9.4
1444,Chalon-sur-Saone, France,9.1,8.7,10.1,11.1
1445,Angouleme, France,9.1,8.7,9.2,8.6
1446,Limoges, France,9.1,7.6,7.2,8.4
1447,Mont-de-Marsan, France,9.1,7.9,8,9.3
1448,Saint-Denis-d'Anjou, France,9.1,8.8,9.2,10.3
1449,Saint-Nazaire, France,9.1,8.7,8.6,9.2
1450,Bösel, Germany,9.1,8.8,11.7,13.6
1451,Oldenburg, Germany,9.1,8.6,12,13.9
1452,Okazaki, Japan,9.1,9,11.2,12
1453,Kashiwa, Japan,9.1,9.6,11.3,12.5
1454,Noda, Japan,9.1,9.9,11.6,13.8
1455,Gifu, Japan,9.1,9.4,11.4,12.2
1456,Takehara, Japan,9.1,10.4,10.6,11.9
1457,Marugame, Japan,9.1,10.7,12.6,13.7
1458,Kosa, Japan,9.1,10.8,11.9,12
1459,Maizuru, Japan,9.1,9.1,11.7,12
1460,Nara, Japan,9.1,10.3,11.2,11.5
1461,Karatsu, Japan,9.1,10.9,13.9,12.9
1462,Ogawa, Japan,9.1,9.6,10.7,11.8
1463,Saitama, Japan,9.1,9.8,11.3,12.7
1464,Ashikaga, Japan,9.1,9.8,11.1,12.3
1465,Kiyose, Japan,9.1,9.3,12.1,13.2
1466,Tokyo, Japan,9.1,10.1,11.7,13.1
1467,IJmuiden, Netherlands,9.1,8.7,9.8,9.8
1468,Geraldine, New Zealand,9.1,10,10.4,11
1469,Manchester, United Kingdom,9.1,8.1,10.5,10.8
1470,Bonifay, USA,9.1,9.4,9.3,8.1
1471,Tallahassee, USA,9.1,9,10.6,8.5
1472,Cary, USA,9.1,8.3,10.1,9
1473,Keosauqua, USA,9.1,7.5,7.2,7.5
1474,Worcester, USA,9.1,8.3,8.4,7.3
1475,Duluth, USA,9.1,6.3,5.8,5.6
1476,Charleroi, USA,9.1,5.9,7.4,8.7
1477,Socorro, USA,9.1,8.3,6.9,7
1478,Lindon, USA,9.1,8,6,6.7
1479,Clear Brook, USA,9.1,7.2,7.9,6.8
1480,Kennewick, USA,9.1,9,6.5,8.2
1481,Windsor, Canada,9,8.1,8.2,8.6
1482,Lasa, China,9,10.6,10.5,14.6
1483,Baume-les-Dames, France,9,9.6,9.8,10.4
1484,Besancon, France,9,8.6,9.1,12
1485,Pforzheim, Germany,9,8.4,9.7,11
1486,Reutlingen, Germany,9,8.5,11.9,12.7
1487,Neuwied, Germany,9,8.6,9.6,11.4
1488,Obu, Japan,9,9.1,11.4,11.6
1489,Tahara, Japan,9,9.3,11.1,11.5
1490,Yachiyo, Japan,9,9.7,10.8,12.1
1491,Yawatahama, Japan,9,9.6,10.4,10.3
1492,Nishinomiya, Japan,9,9.9,10.7,11.3
1493,Tsuchiura, Japan,9,9,12.7,12.7
1494,Takamatsu, Japan,9,9.6,11.2,13.3
1495,Matsusaka, Japan,9,9.4,10.5,10.4
1496,Sakai, Japan,9,9.8,12.5,13
1497,Suita, Japan,9,9.1,13.3,13.5
1498,Honjo, Japan,9,9.6,10.7,12.3
1499,Hashimoto, Japan,9,10.1,11.2,11.9
1500,Porsgrunn, Norway,9,7.5,7.6,7.5
1501,Aviles, Spain,9,9.1,7.1,10.5
1502,Sheffield, United Kingdom,9,10,12.7,12.8
1503,Crestline, USA,9,9.4,8.2,9.3
1504,Grangeville, USA,9,8.7,5.8,6.4
1505,Wilmington, USA,9,8.2,9.1,8.8
1506,Smiths Grove, USA,9,7.6,8,9.1
1507,Albany, USA,9,8.7,8,8.1
1508,Lexington, USA,9,8.1,9,9.5
1509,Medina, USA,9,6.4,8.6,7.9
1510,Memphis, USA,9,8.1,8.2,8.1
1511,Herriman, USA,9,7.9,6.2,6.7
1512,Spanish Fork, USA,9,7.5,5,8.5
1513,Cockburn, Australia,8.9,8,8.3,9.4
1514,Tournai, Belgium,8.9,7.2,11,11.1
1515,Shannan, China,8.9,8.7,9.6,10
1516,Bourg-en-Bresse, France,8.9,8.2,8.8,8.8
1517,Saint-Germain-sur-Rhone, France,8.9,7.9,8.1,9.3
1518,Joue-Les-Tours, France,8.9,9.1,10.4,10.3
1519,Épernay, France,8.9,8.2,9.3,10.5
1520,Jonville-en-Woëvre, France,8.9,9.5,9.6,11.2
1521,Kisarazu, Japan,8.9,9.4,11.1,11.8
1522,Aikawa, Japan,8.9,8.4,9.2,10.3
1523,Kawasaki, Japan,8.9,9.5,11.3,12.6
1524,Ayabe, Japan,8.9,8.7,10.9,11.2
1525,Nantan, Japan,8.9,9.6,11.1,11.6
1526,Yorii, Japan,8.9,9.5,10.8,11.1
1527,Higashikurume, Japan,8.9,9.3,11.5,12.9
1528,Mitaka, Japan,8.9,9.7,11.1,14
1529,Nyuzen, Japan,8.9,8.9,9.9,10.4
1530,Moss, Norway,8.9,7.4,8.9,8.5
1531,Beasain, Spain,8.9,9.8,10.2,9.5
1532,Donostia, Spain,8.9,8,8.9,9.6
1533,Mimetiz, Spain,8.9,7.2,7.7,8
1534,Carral, Spain,8.9,9.8,9.6,9.6
1535,Hualien, Taiwan,8.9,8.7,9.4,8.8
1536,Chatham, United Kingdom,8.9,10.2,14,15.2
1537,Eccles, United Kingdom,8.9,8.4,9.8,11
1538,Southend-on-Sea, United Kingdom,8.9,8.6,10.7,12.4
1539,Winchester, USA,8.9,9.5,7.8,7.4
1540,Stanton, USA,8.9,6.8,7,7.6
1541,Greenfield, USA,8.9,8.4,7,5.9
1542,Merritt, USA,8.9,8.1,7.9,6.3
1543,Columbia Falls, USA,8.9,7.5,7,10.5
1544,Youngstown, USA,8.9,8,7.9,8.3
1545,Cave Junction, USA,8.9,15.3,7.5,13.3
1546,Sisters, USA,8.9,16,5.7,7.3
1547,Charleston, USA,8.9,7.7,9.1,7.5
1548,Watertown, USA,8.9,10.7,7.2,7.8
1549,Seabrook, USA,8.9,8.1,7.2,7.1
1550,Ogden, USA,8.9,7.3,5.6,9.2
1551,Eau Claire, USA,8.9,7.7,8.1,7.8
1552,Herstal, Belgium,8.8,7.1,10.4,11
1553,Chystovice, Czech Republic,8.8,9.1,10.1,14.5
1554,Moult, France,8.8,9,10,10.2
1555,La Rochelle, France,8.8,7.9,9.1,9.2
1556,Toyohashi, Japan,8.8,8.9,10.4,10.7
1557,Funabashi, Japan,8.8,11.2,12.3,12.5
1558,Nagareyama, Japan,8.8,9.9,11.4,12.2
1559,Minokamo, Japan,8.8,9,10.7,10.9
1560,Higashiagatsuma, Japan,8.8,9.5,9.7,10.8
1561,Ota, Japan,8.8,9.8,13,14.3
1562,Aioi, Japan,8.8,9.3,10.7,11.4
1563,Sakaide, Japan,8.8,10.4,11.4,12.9
1564,Aso, Japan,8.8,10.5,11.5,10.6
1565,Kamiamakusa, Japan,8.8,10.2,11.5,11.6
1566,Chichibu, Japan,8.8,9.7,14.2,14.4
1567,Hidaka, Japan,8.8,9.9,12.4,12.9
1568,Moriyama, Japan,8.8,9,11.6,11.5
1569,Valencia, Spain,8.8,10.2,13.3,14.5
1570,Malmö, Sweden,8.8,9.8,10.2,12.3
1571,McCalla, USA,8.8,8.5,9.7,9.4
1572,Yuma, USA,8.8,9,7.5,8.5
1573,Santa Barbara, USA,8.8,10,8.4,8.7
1574,Vallejo, USA,8.8,11.5,7.7,13
1575,Waterbury, USA,8.8,8.1,7.8,8.7
1576,Springfield, USA,8.8,7.6,8.7,9.6
1577,Ashland, USA,8.8,7.5,7.8,7.9
1578,Baton Rouge, USA,8.8,8.7,10.4,10
1579,Waveland, USA,8.8,8.2,7.5,7.4
1580,Bellevue, USA,8.8,8.2,8.3,9
1581,Keene, USA,8.8,8.5,8.3,6.1
1582,Columbia, USA,8.8,7.6,7.2,8.2
1583,Healdton, USA,8.8,9.4,7.7,8.7
1584,John Day, USA,8.8,10.8,8.9,10.6
1585,Rapid City, USA,8.8,7.9,8,7.2
1586,Andenne, Belgium,8.7,6.2,10.3,11.7
1587,Liège, Belgium,8.7,6.5,9.2,10.8
1588,Plitvicka Jezera, Croatia,8.7,8.8,10.3,13
1589,Billere, France,8.7,6.8,7.6,7
1590,Chiba, Japan,8.7,9.1,10.4,11
1591,Yachimata, Japan,8.7,9.2,10.5,9.6
1592,Ako, Japan,8.7,8,10.1,10.5
1593,Koga, Japan,8.7,9.6,10.7,10.9
1594,Samukawa, Japan,8.7,9.6,9.6,10.1
1595,Yusuhara, Japan,8.7,9.1,10.3,10.5
1596,Uji, Japan,8.7,9,10.5,11.7
1597,Hannan, Japan,8.7,9.2,10.6,11.1
1598,Kamiyama, Japan,8.7,9.6,9.7,10.7
1599,Minami, Japan,8.7,10.2,10.7,11.3
1600,Higashimurayama, Japan,8.7,10.6,12.1,13.5
1601,Uozu, Japan,8.7,9.5,10.1,10
1602,Shonai, Japan,8.7,8.5,9.3,9.4
1603,Diemen, Netherlands,8.7,8.1,10.5,12.5
1604,Stavanger, Norway,8.7,6.4,7.8,8
1605,Santiago de Compostela, Spain,8.7,9,8.7,10.3
1606,Marion, USA,8.7,8.2,8.5,8.7
1607,Felton, USA,8.7,11.3,5.9,7.7
1608,San Andreas, USA,8.7,12.5,5.7,14.6
1609,Panama City, USA,8.7,10,8.8,8.6
1610,Stuart, USA,8.7,8.3,7.9,7.8
1611,Cicero, USA,8.7,8,11.3,9.6
1612,Saint Michael, USA,8.7,6.3,5.8,6.9
1613,Gulfport, USA,8.7,9.6,9.2,8.3
1614,Hernando, USA,8.7,8.2,8.3,9.1
1615,Lincoln, USA,8.7,7.3,8.8,7.5
1616,New Salem, USA,8.7,5,4.9,6.3
1617,Lawton, USA,8.7,8.2,8.6,7.1
1618,Spartanburg, USA,8.7,8,8.5,7.8
1619,Trenton, USA,8.7,7.1,8.1,7.5
1620,Corpus Christi, USA,8.7,7.9,8.8,9.4
1621,Saint-Nicolas, Belgium,8.6,7.2,10.1,10.8
1622,Sokolov, Czech Republic,8.6,8.9,9.4,15.1
1623,Saint-Etienne, France,8.6,7.9,8.3,9.1
1624,Kempten (Allgau), Germany,8.6,8.6,8.9,10.8
1625,Bad Belzig, Germany,8.6,8.6,10,11.6
1626,Eggebek, Germany,8.6,8.2,10.8,12.3
1627,Ichikawa, Japan,8.6,9.3,10,12.6
1628,Wakasa, Japan,8.6,8.9,10.7,11.4
1629,Maebashi, Japan,8.6,9.2,10,11.1
1630,Miyoshi, Japan,8.6,10.4,10.9,11.1
1631,Takarazuka, Japan,8.6,9,11.1,11.4
1632,Toyooka, Japan,8.6,8.6,12.3,12
1633,Yokohama, Japan,8.6,9.6,10.5,11.3
1634,Susaki, Japan,8.6,10.3,10.1,10.8
1635,Ide, Japan,8.6,9.4,10.6,11.2
1636,Iga, Japan,8.6,9.9,12,13.3
1637,Yufu, Japan,8.6,9.6,10.1,10.3
1638,Ibaraki, Japan,8.6,8.1,13.4,12.3
1639,Masuda, Japan,8.6,9.4,10.1,11.7
1640,Shinjō, Japan,8.6,8.2,9.1,9.2
1641,Yanai, Japan,8.6,9.5,10.3,10.7
1642,Wieringerwerf, Netherlands,8.6,8.6,10.3,10.1
1643,Waimate, New Zealand,8.6,9.6,10.2,7.8
1644,Santa Cruz de Tenerife, Spain,8.6,11.2,7.4,6.9
1645,Sagunt, Spain,8.6,9.2,5,6.7
1646,Leeds, United Kingdom,8.6,8.5,12.3,11.5
1647,Newcastle upon Tyne, United Kingdom,8.6,7.7,10.2,9
1648,Sandy, United Kingdom,8.6,11.5,10.7,13.8
1649,Southampton, United Kingdom,8.6,8.9,12.3,13.4
1650,Stoke-on-Trent, United Kingdom,8.6,7.7,9.6,9.5
1651,Cardiff, United Kingdom,8.6,7.6,11.5,10.3
1652,Crystal River, USA,8.6,8.7,8.2,8.3
1653,Jacksonville, USA,8.6,8.6,8.8,7.2
1654,Jasper, USA,8.6,9.2,8.9,8.5
1655,Twin Falls, USA,8.6,7,5,8.4
1656,Pascagoula, USA,8.6,8.6,8.6,8.5
1657,East Brunswick, USA,8.6,7.8,8.2,8.1
1658,Cleves, USA,8.6,7.6,8,8.6
1659,Altoona, USA,8.6,7.8,9.3,7.9
1660,Providence, USA,8.6,7.7,8,7.9
1661,Walla Walla, USA,8.6,13.3,7.8,7.2
1662,Quebec, Canada,8.5,9.9,8.3,8.9
1663,Nyingchi, China,8.5,7.3,8.1,7.8
1664,Toulon, France,8.5,9.1,11.8,11.9
1665,Salzgitter, Germany,8.5,7.5,9.8,12.3
1666,Bad Kreuznach, Germany,8.5,8.4,10.9,12.4
1667,Nishio, Japan,8.5,9.5,10.7,11.5
1668,Ichihara, Japan,8.5,9.6,10.9,11.5
1669,Shiroishi, Japan,8.5,8.5,10.3,10.2
1670,Beppu, Japan,8.5,9.2,10,10.3
1671,Kaizuka, Japan,8.5,9.5,14.8,17.3
1672,Musashino, Japan,8.5,9.8,11,12.7
1673,Sakata, Japan,8.5,8.4,9.4,8.3
1674,Nagato, Japan,8.5,9.6,10.8,11.4
1675,Yamaguchi, Japan,8.5,9.1,10.8,10.1
1676,Klaipeda, Lithuania,8.5,8.8,15.5,20.4
1677,San Jose, USA,8.5,10.5,6.4,12.4
1678,San Pablo, USA,8.5,10.5,7.5,12.8
1679,Hazard, USA,8.5,7.3,8,9.2
1680,Kenner, USA,8.5,7.7,8.6,9.6
1681,Brockton, USA,8.5,7.8,7.1,7
1682,Green Bay, USA,8.5,7.4,7.8,6.5
1683,Cheyenne, USA,8.5,6.4,3.6,4.9
1684,Bruderheim, Canada,8.4,6.1,7.7,10.7
1685,Calgary, Canada,8.4,5.9,6.9,10.9
1686,Kitchener, Canada,8.4,6.9,6.8,7.5
1687,Biarritz, France,8.4,7.4,7.2,9.1
1688,Yokoshibahikari, Japan,8.4,9,9.9,10.4
1689,Koriyama, Japan,8.4,8,9.7,9.9
1690,Sanda, Japan,8.4,9,9.4,10.4
1691,Fujisawa, Japan,8.4,9.1,10.1,11.2
1692,Kamakura, Japan,8.4,8.4,10.2,11.3
1693,Miura, Japan,8.4,7.9,8.7,9.4
1694,Kizugawa, Japan,8.4,10.5,11.9,12.6
1695,Tsu, Japan,8.4,8.1,8.8,9.8
1696,Matsumoto, Japan,8.4,8.6,9.7,9.5
1697,Matsubara, Japan,8.4,8,15,16.5
1698,Takaishi, Japan,8.4,7.9,12.7,12.3
1699,Koka, Japan,8.4,9.3,10.6,10.6
1700,Kusatsu, Japan,8.4,8.8,10.6,11
1701,Nagahama, Japan,8.4,8.7,10.8,11.2
1702,Nasukarasuyama, Japan,8.4,9.2,9.5,9.3
1703,Tochigi, Japan,8.4,8.7,9.5,10.1
1704,Nishitokyo, Japan,8.4,9.9,11.5,13.6
1705,Rangiora, New Zealand,8.4,9.7,9.7,8.3
1706,Salinas, Spain,8.4,7.5,7.5,7.9
1707,Goleta, USA,8.4,9.2,6.9,7.9
1708,Ojai, USA,8.4,8.2,6,10.4
1709,Seaford, USA,8.4,7.2,8.1,7.5
1710,Apollo Beach, USA,8.4,8.3,8.3,8.3
1711,Palm Harbor, USA,8.4,9,8.8,8
1712,Muscatine, USA,8.4,7.6,7.9,10
1713,Elizabethtown, USA,8.4,7.4,7.7,9.7
1714,Arnold, USA,8.4,7.7,7.3,7.6
1715,Kansas City, USA,8.4,7.2,7.9,8
1716,Saint Joseph, USA,8.4,7.8,8.6,9
1717,Fayetteville, USA,8.4,7.1,7.7,7.3
1718,Baraboo, USA,8.4,7.4,7.6,6.9
1719,Horicon, USA,8.4,7.7,8.1,7.7
1720,Pleasant Prairie, USA,8.4,6.7,7.6,7.4
1721,Nagakute, Japan,8.3,9,10.8,11.3
1722,Togo, Japan,8.3,8.7,10.8,11.3
1723,Toyokawa, Japan,8.3,8.5,10.2,12.9
1724,Aomori, Japan,8.3,10.3,11.6,10.2
1725,Futtsu, Japan,8.3,8.7,9.9,10.1
1726,Kimitsu, Japan,8.3,8.8,9.9,10
1727,Uwajima, Japan,8.3,9.6,9.4,9.9
1728,Naraha, Japan,8.3,7.8,10.3,10.7
1729,Tomioka, Japan,8.3,8.6,9.6,10.2
1730,Kitahiroshima, Japan,8.3,9.2,10.2,10.6
1731,Atsugi, Japan,8.3,7.3,8.3,8.9
1732,Ebina, Japan,8.3,6.7,6.7,7.5
1733,Minamiyamashiro, Japan,8.3,8.4,10,10.4
1734,Bungoono, Japan,8.3,9.3,9.5,10
1735,Tsukumi, Japan,8.3,8.9,9.6,10.1
1736,Usuki, Japan,8.3,9.7,10,10.5
1737,Kunigami, Japan,8.3,10.1,10.3,10.8
1738,Otsu, Japan,8.3,8.6,9.6,10.1
1739,Hino, Japan,8.3,8.9,11.2,12.5
1740,Tsuruoka, Japan,8.3,8.6,9,9.2
1741,Yamagata, Japan,8.3,8.4,9.1,9.6
1742,Vitoria-Gasteiz, Spain,8.3,7.8,8.1,8.6
1743,Elda, Spain,8.3,9.2,9.7,10.1
1744,Blackpool, United Kingdom,8.3,8.3,10.3,8.3
1745,Nottingham, United Kingdom,8.3,8.6,11,11
1746,Bridgeport, USA,8.3,8.1,7.8,8
1747,Gulf Breeze, USA,8.3,9.2,8.8,8.3
1748,Lake City, USA,8.3,9.3,9,8.5
1749,Idaho Falls, USA,8.3,7.1,7.2,8.1
1750,Murrysville, USA,8.3,5.1,6,7.5
1751,Waynesburg, USA,8.3,7.1,8.6,6.4
1752,Vinton, USA,8.3,7.1,7.6,7.1
1753,Chelan, USA,8.3,9.8,5.4,11.6
1754,Busselton, Australia,8.2,8.4,8.6,9.2
1755,Fort Saskatchewan, Canada,8.2,5.8,7.5,11.6
1756,Ottawa, Canada,8.2,7.3,7.3,6
1757,Orne, France,8.2,7.1,6.6,7.5
1758,La Chataigneraie, France,8.2,6.8,8,8.6
1759,Gottingen, Germany,8.2,7.4,10,12.2
1760,Gamagori, Japan,8.2,8.9,10.6,11.5
1761,Sabae, Japan,8.2,10.6,13.3,14.3
1762,Kumano, Japan,8.2,8.7,9.6,12.6
1763,Hiji, Japan,8.2,9.3,10.2,11
1764,Hirakata, Japan,8.2,7.9,12.3,12.5
1765,Moriguchi, Japan,8.2,8.2,9.4,10.1
1766,Fussa, Japan,8.2,10,10.7,11.2
1767,Higashiyamato, Japan,8.2,9.1,11.1,11
1768,Kodaira, Japan,8.2,8.9,10.3,12
1769,Kunitachi, Japan,8.2,8.8,10.7,13.2
1770,Murayama, Japan,8.2,8.3,8.3,8.6
1771,Mine, Japan,8.2,8.8,10.4,11.5
1772,Esch-sur-Alzette, Luxembourg,8.2,10.3,8.8,11.3
1773,Lisbon, Portugal,8.2,9.1,9.4,11.7
1774,Arucas, Spain,8.2,22.8,7.8,7.8
1775,Watford, United Kingdom,8.2,8.1,9.1,9.2
1776,Livermore, USA,8.2,11.5,6.7,11.4
1777,San Francisco, USA,8.2,9.6,7.1,12.6
1778,Melbourne, USA,8.2,8,7,7.2
1779,Venice, USA,8.2,8.3,7.9,8.3
1780,Portland, USA,8.2,7.5,8.7,7
1781,Cleveland, USA,8.2,8.6,9.1,8.9
1782,Rahway, USA,8.2,7.6,7.5,7.5
1783,Greensboro, USA,8.2,7.5,9.5,7.6
1784,Morrisville, USA,8.2,9.2,11.9,8.1
1785,Kenmare, USA,8.2,5.2,4.6,4.8
1786,Dyersburg, USA,8.2,6.4,7,7.4
1787,Darrington, USA,8.2,8.7,7.2,7.1
1788,Luchow, Germany,8.1,7.7,10.1,11.6
1789,Halberstadt, Germany,8.1,8.1,9.9,12.9
1790,Akita, Japan,8.1,9.6,12.2,11.5
1791,Kawanishi, Japan,8.1,8.5,8.7,10.2
1792,Hadano, Japan,8.1,7,7.7,8.6
1793,Yamato, Japan,8.1,8.4,10.7,12
1794,Fukuchiyama, Japan,8.1,8.5,9.8,10.4
1795,Kawagoe, Japan,8.1,9.1,10.9,11.1
1796,Shibata, Japan,8.1,7.9,9.7,9.4
1797,Kawagoe, Japan,8.1,8.4,9.9,10.5
1798,Machida, Japan,8.1,8.5,9.7,11.2
1799,Tachikawa, Japan,8.1,8.7,10.2,12.1
1800,Almada, Portugal,8.1,9,9.6,13.5
1801,La Tour-de-Peilz, Switzerland,8.1,7.6,8.5,11
1802,Ukiah, USA,8.1,11.3,6.9,10.4
1803,Pocatello, USA,8.1,6.9,5.7,6.6
1804,Elkton, USA,8.1,5.8,6.6,8.4
1805,Haverhill, USA,8.1,6.2,6.3,6
1806,Great Falls, USA,8.1,5.9,6,7.4
1807,Galveston, USA,8.1,8.8,8,8.8
1808,Wagga Wagga, Australia,8,12.4,12.4,8.4
1809,Brantford, Canada,8,7.1,7.1,7.8
1810,Guelph, Canada,8,7.3,7.1,8.1
1811,Bad Arolsen, Germany,8,7.3,7.9,11.4
1812,Sanandaj, Iran,8,9.6,6.5,12.5
1813,Goshogawara, Japan,8,8,11.6,10.5
1814,Hachinohe, Japan,8,9.7,11.4,10.5
1815,Nishiwaki, Japan,8,9.5,11,11.5
1816,Morioka, Japan,8,8,9.9,10.3
1817,Hiratsuka, Japan,8,8.7,10.5,11.7
1818,Sagamihara, Japan,8,8.6,9.8,10.3
1819,Kuwana, Japan,8,8.2,9.9,10.6
1820,Tama, Japan,8,8.7,10,10.9
1821,Kainan, Japan,8,8.9,9.6,10.2
1822,Nagai, Japan,8,7.9,8.2,8.8
1823,Yonezawa, Japan,8,7.7,8.2,8.7
1824,Den Haag, Netherlands,8,8.5,9.9,10.1
1825,Hamar, Norway,8,7,8.5,8.8
1826,Plymouth, United Kingdom,8,9.9,11.1,10.1
1827,Stevenage, United Kingdom,8,9.5,8.7,10.5
1828,Warrington, United Kingdom,8,8.5,11.4,9
1829,Oakland, USA,8,10.7,7,13.5
1830,Danbury, USA,8,8,7.8,8
1831,New Haven, USA,8,7.9,8,7.4
1832,Homestead, USA,8,8.3,8.1,8.8
1833,Brownell, USA,8,6,6,5.6
1834,Boston, USA,8,7.2,7.5,10.1
1835,Flemington, USA,8,7.7,8.1,8.1
1836,Lakeview, USA,8,8,6,11.3
1837,La Crosse, USA,8,7.7,7.9,7.7
1838,Sarnia, Canada,7.9,7.2,7.2,7.5
1839,Srebrnici, Croatia,7.9,10.3,11.3,11.8
1840,Kaiserslautern, Germany,7.9,8.9,10.2,12.5
1841,Belau, Germany,7.9,8.2,10,9.3
1842,Tsushima, Japan,7.9,9.4,10.9,11.6
1843,Inzai, Japan,7.9,8.6,9.4,8.5
1844,Takayama, Japan,7.9,7.8,8.5,9
1845,Numata, Japan,7.9,10.8,11.8,13.1
1846,Tamba, Japan,7.9,8.9,10.1,10.2
1847,Hitachiomiya, Japan,7.9,8.3,9.2,9.7
1848,Hakui, Japan,7.9,8.3,9,9
1849,Daito, Japan,7.9,7.7,13.4,14.2
1850,Matsue, Japan,7.9,9.4,10.8,11.8
1851,Nikko, Japan,7.9,8.5,8.8,9.5
1852,Tokushima, Japan,7.9,8.5,9.3,10.3
1853,Sagae, Japan,7.9,8.1,8.3,9
1854,Birmingham, United Kingdom,7.9,7.7,9.7,11.8
1855,Harlington, United Kingdom,7.9,8.2,10.1,9.5
1856,Middlesbrough, United Kingdom,7.9,7.5,10.4,8.9
1857,Stockton-on-Tees, United Kingdom,7.9,7.5,8.8,9.8
1858,Empire, USA,7.9,7.1,8.4,8.7
1859,Lebec, USA,7.9,10.6,5.6,8.4
1860,Littleton, USA,7.9,7,6.2,7.5
1861,East Hartford, USA,7.9,7.3,7,7.1
1862,Candor, USA,7.9,7.1,7.6,6.7
1863,Pendleton, USA,7.9,12.1,8.2,8.9
1864,Farrell, USA,7.9,7.4,8,8.3
1865,Orange, USA,7.9,9.1,8.4,10.5
1866,Rutland, USA,7.9,7.6,7.6,7.6
1867,Bad Ischl, Austria,7.8,7.8,8.5,10.4
1868,Kingston, Canada,7.8,5.9,5.8,5.7
1869,Dijon, France,7.8,7.6,7.7,8.6
1870,Bassens, France,7.8,8.5,9.3,9.9
1871,Dublin, Ireland,7.8,8.6,10.6,9.5
1872,Narita, Japan,7.8,8.8,11.3,12.1
1873,Sodegaura, Japan,7.8,8.6,9.7,10.9
1874,Kakamigahara, Japan,7.8,8.3,9.5,10.1
1875,Ise, Japan,7.8,8.5,9.3,9.9
1876,Izumisano, Japan,7.8,7.2,10.8,11.6
1877,Tondabayashi, Japan,7.8,7.3,15,15.1
1878,Chofu, Japan,7.8,9.3,11,11.8
1879,Hachioji, Japan,7.8,8.9,10.4,11.6
1880,Taitung, Taiwan,7.8,7.3,8.7,9.3
1881,Barnstaple, United Kingdom,7.8,8.6,8.8,7.1
1882,Eastbourne, United Kingdom,7.8,8.1,10.8,12.6
1883,Lafayette, USA,7.8,8.8,8.6,9.2
1884,Hagerstown, USA,7.8,6.8,7.3,8.2
1885,Taos, USA,7.8,8.3,6.9,6.4
1886,Newburgh, USA,7.8,6.7,6.7,6.8
1887,New Albany, USA,7.8,7,7.9,7.9
1888,Painesville, USA,7.8,6.6,6.8,7.2
1889,Seiling, USA,7.8,7.3,8.1,8.1
1890,Maryville, USA,7.8,6.6,7.3,7.5
1891,Port Arthur, USA,7.8,9,8.7,10.2
1892,Peterborough, Canada,7.7,6.3,6.1,6.4
1893,Ganzizhou, China,7.7,8.7,11.5,17.9
1894,Luder, Germany,7.7,7.3,8.3,10.1
1895,Ichinoseki, Japan,7.7,7.1,8.7,9
1896,Miyazu, Japan,7.7,8.2,9.9,10.8
1897,Inabe, Japan,7.7,7.8,9.8,10.1
1898,Izumiotsu, Japan,7.7,8,12.1,12.5
1899,Fuchu, Japan,7.7,10.7,12.2,13.6
1900,Nanto, Japan,7.7,8.1,9.9,11
1901,Leicester, United Kingdom,7.7,7.5,11.4,10.5
1902,Redwood City, USA,7.7,10,6.3,11.5
1903,Santa Maria, USA,7.7,9.3,6.5,7.1
1904,Hartford, USA,7.7,7.8,7.7,8.1
1905,McDonough, USA,7.7,7,8.1,7.2
1906,Pikeville, USA,7.7,6.6,7,7.3
1907,Enterprise, USA,7.7,8.7,6.5,8.4
1908,Roseburg, USA,7.7,12,7.3,8.4
1909,Monroe, USA,7.7,6.8,7.4,6.9
1910,Florence, USA,7.7,6.9,7.9,7.5
1911,Harriman, USA,7.7,6.9,7.5,7.1
1912,Ellensburg, USA,7.7,8.8,6.5,8.2
1913,Port Angeles, USA,7.7,10.4,8.1,10
1914,Swan, Australia,7.6,8.8,8.1,8.9
1915,Lethbridge, Canada,7.6,6.8,6.5,9.9
1916,Auxerre, France,7.6,7.2,8.1,8.1
1917,Inuyama, Japan,7.6,8.7,11.1,12
1918,Kariya, Japan,7.6,9,11,12.3
1919,Takahama, Japan,7.6,9.6,11.8,12.7
1920,Abira, Japan,7.6,7.1,9.2,9.1
1921,Oji, Japan,7.6,8.7,9.4,10.9
1922,Sado, Japan,7.6,7.9,9.3,11.4
1923,Kishiwada, Japan,7.6,7.6,10.8,11.6
1924,Takatsuki, Japan,7.6,7,10.8,11.4
1925,Imizu, Japan,7.6,7.8,8.9,9.5
1926,Telde, Spain,7.6,8.5,7.8,5.4
1927,Napa, USA,7.6,11.2,6.3,9.9
1928,Grand Junction, USA,7.6,6.9,4.2,5.9
1929,Chalmette, USA,7.6,8.6,10.6,10
1930,El Paso, USA,7.6,9.3,8.8,11
1931,Odessa, USA,7.6,7.6,7.8,7.9
1932,Puyallup, USA,7.6,11,9,8.1
1933,Freiburg, Germany,7.5,8.1,9.4,10.6
1934,Tsuruga, Japan,7.5,9.9,12.3,12.5
1935,Iwaki, Japan,7.5,7.3,9.1,9.1
1936,Tsumagoi, Japan,7.5,7.7,8.5,9.2
1937,Hitachinaka, Japan,7.5,8.3,9.3,9.4
1938,Kanazawa, Japan,7.5,7.3,8.3,8.4
1939,Nagano, Japan,7.5,7.7,8.3,9
1940,Ishigaki, Japan,7.5,7.6,9.2,8.9
1941,Nago, Japan,7.5,8.2,8.9,9.6
1942,Ikeda, Japan,7.5,8.5,13.2,12.6
1943,Yaita, Japan,7.5,7.6,9.3,10.3
1944,Toyama, Japan,7.5,7.5,8.4,8.1
1945,Ashburton, New Zealand,7.5,9,9.7,9.4
1946,Oslo, Norway,7.5,6.4,7.5,8.2
1947,Ferrol, Spain,7.5,7.4,7.8,8.1
1948,Payerne, Switzerland,7.5,7.5,8.2,8.5
1949,Chilbolton, United Kingdom,7.5,7.7,8.5,8.9
1950,Coventry, United Kingdom,7.5,7.4,9.3,12.1
1951,Preston, United Kingdom,7.5,7.4,9.3,9.3
1952,Lake Elsinore, USA,7.5,8.2,6.1,7.6
1953,Flint, USA,7.5,6.5,7.9,8
1954,Lewistown, USA,7.5,6.2,4.7,6.1
1955,Millville, USA,7.5,9.3,8.4,8.8
1956,Rochester, USA,7.5,6.6,6.6,6.3
1957,Cookeville, USA,7.5,6.1,6.6,7.2
1958,Corsicana, USA,7.5,7.8,6.9,7.8
1959,Kaufman, USA,7.5,8.1,8,7.5
1960,Lubbock, USA,7.5,6.4,9,6.9
1961,Traralgon, Australia,7.4,8.5,9.2,8
1962,Prince George, Canada,7.4,5.8,9,15.4
1963,Brampton, Canada,7.4,6.8,6.7,7.5
1964,Toyota, Japan,7.4,7.9,9.2,9.7
1965,Odate, Japan,7.4,7.3,9.7,9.8
1966,Oga, Japan,7.4,7.8,9.5,9.6
1967,Kamisu, Japan,7.4,8.1,8.8,9
1968,Kaga, Japan,7.4,7.8,9,9.2
1969,Kesennuma, Japan,7.4,7.2,9.3,9.5
1970,Kiso, Japan,7.4,7.2,8.1,8.7
1971,Gilroy, USA,7.4,10.6,6.3,8.6
1972,Hollister, USA,7.4,9.9,5.6,7.3
1973,Nipomo, USA,7.4,9.1,6.2,8.4
1974,Winter Park, USA,7.4,6.9,7.2,7.5
1975,North Adams, USA,7.4,5.9,6.4,5.7
1976,Portsmouth, USA,7.4,6.8,6.1,6
1977,Tonawanda, USA,7.4,6.4,6.9,7.4
1978,Loudon, USA,7.4,6.4,7.4,6.4
1979,Hamshire, USA,7.4,8.4,8.5,9.1
1980,Kent, USA,7.4,9.4,6.6,7.3
1981,Verneuil-Les-Bois, France,7.3,6.4,7.2,7.1
1982,Mobara, Japan,7.3,8.1,9.3,9.5
1983,Sakura, Japan,7.3,7.6,9,9.8
1984,Kumakogen, Japan,7.3,8.1,8.2,8.4
1985,Kitaibaraki, Japan,7.3,9.1,9,9
1986,Wajima, Japan,7.3,7.2,8,7.8
1987,Phoenix, USA,7.3,8.4,5.8,8.6
1988,Atascadero, USA,7.3,11.2,5.4,7.2
1989,San Rafael, USA,7.3,9.1,5.7,11.2
1990,Naples, USA,7.3,8.1,7.7,8.2
1991,Springfield, USA,7.3,16,9,9
1992,Barrie, Canada,7.2,7.3,7.5,7.9
1993,Oakville, Canada,7.2,6.3,6.9,7.5
1994,Ngari, China,7.2,6.2,6.9,14.1
1995,Andechs, Germany,7.2,7.2,8,10.9
1996,Torino, Italy,7.2,7.1,8.5,12.1
1997,Hirosaki, Japan,7.2,7.4,9.5,9.2
1998,Katori, Japan,7.2,7.3,8.4,8.4
1999,Togane, Japan,7.2,7.7,9.2,9.2
2000,Asahikawa, Japan,7.2,7.6,9,9.2
2001,Nanao, Japan,7.2,7.6,11.2,11.2
2002,Ina, Japan,7.2,7.3,8.4,8.5
2003,Kashiwara, Japan,7.2,7.3,12.8,13.5
2004,Toyonaka, Japan,7.2,7.2,11.4,13.9
2005,Colchester, United Kingdom,7.2,7.1,9.3,10
2006,Glendale, USA,7.2,6.9,5.7,7.2
2007,Arroyo Grande, USA,7.2,8.3,5.5,9.6
2008,Santa Cruz, USA,7.2,10.1,6.5,8.5
2009,Groton, USA,7.2,6.9,6.6,6
2010,Fall River, USA,7.2,7.5,7.2,7.5
2011,Cottage Grove, USA,7.2,17.1,9.9,8.4
2012,Burlington, USA,7.2,6.8,6.7,6.6
2013,Medford, USA,7.2,5.2,6.7,6.6
2014,Yellowstone National Park, USA,7.2,7.3,2.8,4.3
2015,Moe, Australia,7.1,9.6,8.6,6.4
2016,Lons-le-Saunier, France,7.1,6.6,6.8,10.1
2017,Obama, Japan,7.1,9.3,11.4,12.1
2018,Kyōtango, Japan,7.1,7.6,10.1,10.9
2019,Suwa, Japan,7.1,7.6,8.3,9.9
2020,Almassora, Spain,7.1,5.5,7.4,8.7
2021,Villar del Arzobispo, Spain,7.1,9.4,9.2,8.2
2022,Birkenhead, United Kingdom,7.1,7.2,8.5,8.3
2023,Felton, USA,7.1,6.8,7.5,6.6
2024,Belle Glade, USA,7.1,6.5,7,8.2
2025,Malta, USA,7.1,7.5,5.1,6.3
2026,Hillsboro, USA,7.1,9.7,6.6,8.1
2027,Marysville, USA,7.1,9.2,8.9,8.2
2028,Churchill, Australia,7,11.4,9.5,6.4
2029,St. Catharines, Canada,7,6.6,6.9,7.1
2030,Issoudun, France,7,6.1,7.7,7.6
2031,Thionville, France,7,7.3,8.6,10.6
2032,Yurihonjo, Japan,7,7.4,9.1,9.2
2033,Tateyama, Japan,7,8.7,9.9,11.1
2034,Tomakomai, Japan,7,7.6,9.7,9.6
2035,Hakusan, Japan,7,7.3,9,11.1
2036,Komatsu, Japan,7,10.2,10.6,10.7
2037,Uchinada, Japan,7,6.7,8.1,7.7
2038,Minamiashigara, Japan,7,6.2,7.5,8
2039,Niimi, Japan,7,7.2,8.6,9.3
2040,Wainuiomata, New Zealand,7,7.8,8.3,7.6
2041,Brevik, Norway,7,6.3,7.2,7.4
2042,Chesterfield, United Kingdom,7,7.3,9,9.7
2043,Royal Leamington Spa, United Kingdom,7,7.1,9.5,11
2044,York, United Kingdom,7,7.9,9.6,9.8
2045,Sebastopol, USA,7,8.4,5.5,8.6
2046,Laurel, USA,7,7,7.7,9.3
2047,Apple Valley, USA,7,7.8,7,7.4
2048,Belton, USA,7,6.3,6.5,6.6
2049,Portland, USA,7,11.2,8.1,6.9
2050,Wenatchee, USA,7,12.5,8,10.8
2051,Cornwall, Canada,6.9,6.2,5.8,6.4
2052,Paray le Fresil, France,6.9,6.4,6.8,7.4
2053,Le Creusot, France,6.9,6.8,7.6,7.3
2054,Ono, Japan,6.9,9.3,11.4,10.7
2055,Kamaishi, Japan,6.9,7.1,8.4,8.9
2056,Niigata, Japan,6.9,7.1,8.6,9.1
2057,Caudete de las Fuentes, Spain,6.9,5.9,6.1,5.7
2058,Bar Harbor, USA,6.9,3.2,4.1,4.1
2059,Presque Isle, USA,6.9,4.9,4.8,5.2
2060,Germfask, USA,6.9,5.2,5.3,5.6
2061,Marshall, USA,6.9,5.6,6.1,6.1
2062,Baker City, USA,6.9,7.7,6.5,8.3
2063,Sweet Home, USA,6.9,13.1,7.5,8.2
2064,Canton, USA,6.9,6.3,6,5.7
2065,Vancouver, USA,6.9,11.6,8.3,8.2
2066,Longford, Australia,6.8,9.7,9.5,11.6
2067,Joondalup, Australia,6.8,6.3,8,8.3
2068,Saint-Nazaire-le-Desert, France,6.8,5.2,5.1,5.7
2069,Mere, France,6.8,6.6,6,7.6
2070,Sapporo, Japan,6.8,7,8.1,7.3
2071,Sumoto, Japan,6.8,7.5,8.7,9.4
2072,Kurihara, Japan,6.8,7,8.3,8.4
2073,Sendai, Japan,6.8,6.8,8.6,9
2074,Sines, Portugal,6.8,6.2,6.8,5.9
2075,Patones, Spain,6.8,6.9,7.2,7
2076,Viver, Spain,6.8,6.3,5.7,6.3
2077,Lompoc, USA,6.8,8.5,5.9,6.8
2078,Lynn, USA,6.8,6,6.6,7
2079,Ware, USA,6.8,7.1,6.4,7
2080,Red Lake, USA,6.8,5.9,6.1,6.3
2081,Stilwell, USA,6.8,6.3,6.6,7.5
2082,Waco, USA,6.8,7.5,6.8,6.9
2083,New Norfolk, Australia,6.7,8.3,8.5,9.3
2084,Somme-Leuze, Belgium,6.7,5.5,8.4,9.1
2085,Viroinval, Belgium,6.7,4.8,8.5,8.9
2086,Hakodate, Japan,6.7,6.7,8.8,8.7
2087,Kasama, Japan,6.7,7.3,8,9
2088,Toba, Japan,6.7,6.9,8.6,9
2089,Oyabe, Japan,6.7,7.5,8.8,9.4
2090,Salinas, USA,6.7,6.9,4.5,6.5
2091,Madisonville, USA,6.7,6.8,7.3,6.9
2092,Virginia, USA,6.7,4.6,4.9,5.8
2093,Galloway, USA,6.7,7.9,7.8,7.1
2094,Spruce Pine, USA,6.7,5.4,8.4,5.6
2095,Eugene, USA,6.7,14,8.8,7.1
2096,Stanley, USA,6.7,4.2,5.3,4.8
2097,Perth, Australia,6.6,8.4,6.4,9.3
2098,Medicine Hat, Canada,6.6,5.2,5,7.1
2099,Abbotsford, Canada,6.6,7.8,7.5,7.2
2100,Newmarket, Canada,6.6,6.2,6.3,6.4
2101,Thunder Bay, Canada,6.6,5.8,5.1,6.1
2102,Saint-Michel-l'Observatoire, France,6.6,6.1,6.6,6.2
2103,Otaru, Japan,6.6,5.9,9.2,8.7
2104,Suzu, Japan,6.6,6.8,7.7,7.9
2105,Saku, Japan,6.6,7.5,9.3,10.9
2106,Toyono, Japan,6.6,6.7,9.8,10.1
2107,Kawajima, Japan,6.6,10.6,12.4,13.9
2108,Lancaster, USA,6.6,9.8,5.7,7.3
2109,Beltsville, USA,6.6,5.9,7.3,6.8
2110,Bay City, USA,6.6,5.6,7,7.2
2111,Kearney, USA,6.6,6.2,6.6,6.5
2112,Holtsville, USA,6.6,6.3,6.4,7
2113,Batavia, USA,6.6,6.1,7.2,7.1
2114,Beaverton, USA,6.6,10.7,6.9,6.5
2115,Bennington, USA,6.6,5.6,5.8,6.1
2116,Hadspen, Australia,6.5,8.7,9.3,10.2
2117,Tomahawk, Canada,6.5,4.7,5.8,8.8
2118,Oshawa, Canada,6.5,6.5,6.2,6.6
2119,Calama, Chile,6.5,6.6,6.4,13.9
2120,Fontainebleau, France,6.5,6.4,7.4,7.7
2121,Katsuura, Japan,6.5,6.8,9.1,9.1
2122,Wakuya, Japan,6.5,7.2,8.5,8.9
2123,Elverum, Norway,6.5,6.2,7.4,7.6
2124,Cuba, USA,6.5,5.8,6.8,4.9
2125,Tempe, USA,6.5,7.1,5.6,7.8
2126,Lambert, USA,6.5,4.6,5.6,6.7
2127,Londonderry, USA,6.5,6.1,5.1,5.3
2128,Albuquerque, USA,6.5,6.9,6.1,5.6
2129,Utica, USA,6.5,5.6,5.5,5.6
2130,Crandon, USA,6.5,5.7,5.9,4.9
2131,Geeveston, Australia,6.4,7.7,11.8,7.9
2132,Peyrusse Vieille, France,6.4,5.8,6.7,7.1
2133,Shima, Japan,6.4,6.7,8.4,9.5
2134,Shimamoto, Japan,6.4,6.2,8.1,9.1
2135,Shingu, Japan,6.4,8.2,8.5,9.3
2136,Gjovik, Norway,6.4,5.4,6.8,8.4
2137,Gateshead, United Kingdom,6.4,6.6,7.1,7.3
2138,Saltash, United Kingdom,6.4,8.1,9.7,8.4
2139,Sunderland, United Kingdom,6.4,6.6,10,8.5
2140,Cambridge, USA,6.4,4.7,6.1,6.2
2141,Hobbs, USA,6.4,6.4,7.9,7.6
2142,White Plains, USA,6.4,5.7,5.8,5.9
2143,Salem, USA,6.4,11,7.2,7.8
2144,Awendaw, USA,6.4,6.2,6.4,6.1
2145,Pierre, USA,6.4,11,10.9,4.5
2146,Wollongong, Australia,6.3,8,10.6,7.3
2147,Morwell, Australia,6.3,9.3,7.6,6.5
2148,Vantaa, Finland,6.3,5.8,6.5,7.3
2149,Les Mazures, France,6.3,5.9,6.7,7.3
2150,Hitachi, Japan,6.3,8.6,9.5,10.5
2151,Nasushiobara, Japan,6.3,7.2,8.3,8.5
2152,Zorita del Maestrazgo, Spain,6.3,7.9,6,6.6
2153,San Luis Obispo, USA,6.3,9.2,5.4,7.6
2154,Springfield, USA,6.3,7.4,7.3,7.7
2155,Amarillo, USA,6.3,6.1,5.5,6
2156,Newcastle, Australia,6.2,7.9,12.5,7.9
2157,Wellington City, New Zealand,6.2,6,6.7,6
2158,Tacoma, USA,6.2,8.3,7.9,7.9
2159,Cannon Hill, Australia,6.1,6.6,9,7.9
2160,Bertrix, Belgium,6.1,6.6,7.9,9.1
2161,Red Deer, Canada,6.1,4.8,6.3,9.7
2162,Belleville, Canada,6.1,6.5,6.3,6.4
2163,Saint-Denis, France,6.1,5.8,7.2,9
2164,Trondheim, Norway,6.1,4.8,5.9,6.4
2165,La Grande, USA,6.1,7.8,5.6,8.5
2166,Melton, Australia,6,9.5,6.4,4.7
2167,Stockholm, Sweden,6,5.1,6.1,6.6
2168,Brainerd, USA,6,4.7,5,5.7
2169,Pomona, USA,6,5.4,5.9,6
2170,Seattle, USA,6,8,7.5,8.3
2171,Westbury, Australia,5.9,7.9,8.2,8.7
2172,Geelong, Australia,5.9,6.9,6.9,6.8
2173,Tiverton, Canada,5.9,5.2,5.4,5.8
2174,Tallinn, Estonia,5.9,6.2,5.5,7.1
2175,Helsinki, Finland,5.9,5.2,6,7.2
2176,Tiefenbach, Germany,5.9,6.9,7.7,10
2177,Minamiaizu, Japan,5.9,5.8,9,9.1
2178,Rishiri, Japan,5.9,7,8.7,10.3
2179,Bergen, Norway,5.9,5,5.9,5.5
2180,Lillehammer, Norway,5.9,5.5,6.2,6.7
2181,Carmel Valley, USA,5.9,8.4,4.4,6.4
2182,Ely, USA,5.9,5.5,5,4.2
2183,Peterborough, USA,5.9,4,4,4.1
2184,Boulder Junction, USA,5.9,5.2,5.5,6.1
2185,Vancouver, Canada,5.8,8.1,6.1,6.3
2186,Chamusca, Portugal,5.8,5.6,7,7.2
2187,Las Vegas, USA,5.8,7.2,6,7.2
2188,Albany, USA,5.8,11.3,6,6.5
2189,Lacey, USA,5.8,7.8,6.6,6.4
2190,North Bend, USA,5.8,8.7,4.8,4.7
2191,Moncton, Canada,5.7,5.6,4.7,3.8
2192,North Bay, Canada,5.7,4.7,4.6,5.6
2193,Frostburg, USA,5.7,4.8,5.7,6.1
2194,Henderson, USA,5.7,6.5,4.8,6.1
2195,Melbourne, Australia,5.6,8.3,6.5,5.8
2196,Victoria, Canada,5.6,6.2,7.1,9.1
2197,Palmse, Estonia,5.6,6.8,6.3,8
2198,Tromso, Norway,5.6,5.5,6.1,6.2
2199,La Granja de San Ildefonso, Spain,5.6,5,5.4,5
2200,Laza, Spain,5.6,5.8,5.9,6.2
2201,Castello de la Plana, Spain,5.6,7.9,7.2,7.4
2202,Aberdeen, United Kingdom,5.6,5.3,7,6.9
2203,Glasgow, United Kingdom,5.6,5.2,7.1,8.1
2204,Greenock, United Kingdom,5.6,5,6.7,6.2
2205,Millington, USA,5.6,4.8,6.1,6.8
2206,Narragansett, USA,5.6,4.3,4.7,5.4
2207,Bremerton, USA,5.6,7.3,5.9,5.1
2208,Shelton, USA,5.6,9.2,7.6,9.1
2209,Brisbane, Australia,5.5,6.7,8.1,7.2
2210,Bathurst, Canada,5.5,5.1,5.2,5.7
2211,Sinimaee, Estonia,5.5,4.5,5.1,5.9
2212,Las Cruces, USA,5.5,6,4.5,4.8
2213,West Greenwich, USA,5.5,4.4,4.5,5.8
2214,Hurricane, USA,5.5,5.3,4,6.3
2215,Rocklea, Australia,5.4,6.5,9,6.8
2216,Springwood, Australia,5.4,5.9,6.9,6.3
2217,Sainte-Ode, Belgium,5.4,5.6,7.5,8.7
2218,Port Hawkesbury, Canada,5.4,5,5.3,5.5
2219,Parry Sound, Canada,5.4,4.9,4.4,5.2
2220,Kohtla-Jaerve, Estonia,5.4,4.3,10.4,8.3
2221,Virolahti, Finland,5.4,5.1,5,6.5
2222,Lappeenranta, Finland,5.4,4.9,5.2,6.8
2223,Palmela, Portugal,5.4,7.5,11,9.3
2224,L'Alcora, Spain,5.4,6.6,6.9,8.6
2225,Fairbanks, USA,5.4,5,10.4,7.7
2226,Mesa, USA,5.4,6.2,4.3,6.6
2227,Sydney, Australia,5.3,7.2,10.1,7.6
2228,Wangaratta, Australia,5.3,13,7.9,7.3
2229,Reichraming, Austria,5.3,4.9,6.2,5.9
2230,Gibsons, Canada,5.3,7,6.2,9.5
2231,Saint John, Canada,5.3,5.2,5.1,5.5
2232,Narva, Estonia,5.3,4.4,5.2,6.1
2233,Oulu, Finland,5.3,4.9,5.3,5.9
2234,Espoo, Finland,5.3,5.2,5.8,6.6
2235,Clinton, Australia,5.2,5.9,8.8,8.8
2236,Deloraine, Australia,5.2,5.3,6.4,7.7
2237,Christchurch, New Zealand,5.2,7,7.3,7.7
2238,Narvik, Norway,5.2,3.9,5.2,4.6
2239,Funchal, Portugal,5.2,5.9,6,5.2
2240,Sundsvall, Sweden,5.2,5.4,6.4,6.3
2241,Edinburgh, United Kingdom,5.2,4.7,6.6,6.2
2242,Kailua-Kona, USA,5.2,2.6,1.9,11.1
2243,Adelaide, Australia,5.1,5.6,5.9,6.5
2244,Beaverlodge, Canada,5.1,4.7,6.8,8.1
2245,Lahti, Finland,5.1,6.2,4.6,5.3
2246,Saint-Paul, France,5.1,5.3,6.1,5.5
2247,Merzalben, Germany,5.1,4.7,5.4,7.4
2248,Borriana, Spain,5.1,4.8,5.1,5.4
2249,Underhill, USA,5.1,4.5,4.6,4.9
2250,Bellevue, USA,5.1,7.4,5.6,5.5
2251,Mount Vernon, USA,5.1,7,4.1,3.8
2252,Boat Creek, Australia,5,5.8,7.8,5.5
2253,Gladstone, Australia,5,6.2,7,5.9
2254,Habay, Belgium,5,5.2,8.2,8.4
2255,Vielsalm, Belgium,5,4.2,6.4,7.3
2256,Tampere, Finland,5,4.5,4.8,5.7
2257,Santiago do Cacem, Portugal,5,5.5,5.4,10.2
2258,Alacant, Spain,5,6.7,6.5,4.4
2259,Norr Malma, Sweden,5,4.3,4.9,5
2260,Uppsala, Sweden,5,4.4,5.5,6.7
2261,Durango, USA,5,6.2,4.3,11.8
2262,Jean, USA,5,5.4,4.1,4.3
2263,Santa Fe, USA,5,4.7,3.4,3.7
2264,Corvallis, USA,5,10.4,5.8,5.9
2265,Ebensee, Austria,4.9,5.4,7.4,6.2
2266,Mount Pearl, Canada,4.9,5.2,4.5,5.4
2267,Voore, Estonia,4.9,4.6,5,7.1
2268,Lansi-Turunmaa, Finland,4.9,5.5,5.7,5.8
2269,Kopavogur, Iceland,4.9,6.9,6.9,5.8
2270,Grundartangi, Iceland,4.9,9.1,8.4,3.7
2271,Alandroal, Portugal,4.9,4.8,5.3,7.1
2272,Grand Portage, USA,4.9,3.1,4.7,4.8
2273,Sydney, Canada,4.8,4.8,4.9,4.6
2274,Kuopio, Finland,4.8,4.3,4.3,3.9
2275,Tucson, USA,4.8,5.9,4.2,5.4
2276,Bangor, USA,4.8,4.7,4.9,5.3
2277,Charlottetown, Canada,4.7,6.4,8.1,9.7
2278,Anchorage, USA,4.7,5.1,8.1,5.9
2279,Anacortes, USA,4.7,7.6,3.8,4.6
2280,Huonville, Australia,4.6,6.1,7.5,6.1
2281,Launceston, Australia,4.6,6.7,5.2,5.3
2282,Scottsdale, Australia,4.6,7.3,6.4,7.1
2283,Kussnacht, Switzerland,4.6,5.7,6.3,6.1
2284,Ocean View, USA,4.6,3.2,3,11.7
2285,Bellingham, USA,4.6,6,5.1,5.5
2286,Wellington, Canada,4.5,4.5,4.4,3.4
2287,Umeå, Sweden,4.5,4.3,5.1,4.9
2288,Kahului, USA,4.5,4.5,4.3,3.7
2289,South Launceston, Australia,4.4,5.8,5.6,6.2
2290,Fort Chipewyan, Canada,4.4,3.8,5.6,4.9
2291,Hafnarfjoerdur, Iceland,4.4,4.3,4.3,4.3
2292,Benicasim, Spain,4.4,4.9,7.1,6.6
2293,Aberdeen, USA,4.4,5,5,5.7
2294,Wynnum, Australia,4.3,5.9,7.6,4.7
2295,Devonport, Australia,4.3,5.8,5.5,5.3
2296,Punta Arenas, Chile,4.3,4.7,4.7,4.5
2297,Lilydale, Australia,4.2,5.2,4.8,4.8
2298,Powell River, Canada,4.2,4.9,4.9,4.6
2299,Algar de Palancia, Spain,4.2,5.2,6,6.2
2300,Campbell Town, Australia,4.1,5.7,5.9,6.1
2301,Vilsandi, Estonia,4.1,5.1,5.7,6
2302,Triabunna, Australia,4,4.8,4.8,8.4
2303,Wynyard, Australia,4,5.2,5.3,5.5
2304,Oatlands, Australia,3.9,5.5,5.9,6.8
2305,Kitimat, Canada,3.9,4.6,5.2,5.4
2306,Honolulu, USA,3.9,3.8,3.6,3.9
2307,Kihei, USA,3.9,4.2,5.3,4.7
2308,Sheffield, Australia,3.8,5.5,5.1,4.7
2309,Faro, Portugal,3.7,7.5,10.5,8.5
2310,Santana, Portugal,3.7,4.7,4.2,3.4
2311,Fingal, Australia,3.6,3.1,3,3.1
2312,Glenorchy, Australia,3.6,4.8,4.8,4.4
2313,St. Andrews, Canada,3.6,3.5,4.2,5.8
2314,Vladivostok, Russia,3.4,3.6,12.6,13.5
2315,Kapolei, USA,3.4,4.3,3.2,3.5
2316,George Town, Australia,3.3,4.3,4.1,4.4
2317,Vaasa, Finland,3.2,3.4,4.1,4.3
2318,Albalat dels Tarongers, Spain,3.2,5.1,4.6,4.7
2319,Hilo, USA,3.2,3.5,3.7,6
2320,Saransk, Russia,3.1,6.5,9.4,9.6
2321,Bream Creak, Australia,3,4,4.3,4.4
2322,Cygnet, Australia,3,3.3,7.9,3.9
2323,Hobart, Australia,3,3.7,4.4,4
2324,Smithton, Australia,3,3.9,4.3,4.9
2325,West Ulverstone, Australia,2.9,3.8,3.7,4
2326,Exeter, Australia,2.7,3.7,3.6,3.2
2327,Salao, Portugal,2.7,3.6,3.8,4.3
2328,Alcoutim, Portugal,2.7,5.7,7.7,8.5
2329,Derby, Australia,2.6,3.7,3.4,3.5
2330,Gretna, Australia,2.6,3.1,4.7,3.1
2331,Mornington, Australia,2.4,3.2,3.8,3
2332,Emu River, Australia,2.1,2.6,2.5,2.6
2333,Judbury, Australia,2,2.4,5.7,2.2
2334,St Helens, Australia,1.9,2.4,2.4,2.9
